experiment_id,timestamp,split,seed,mode,initial_loss,final_loss,steps_to_threshold,converged,diverged,wall_clock_s,delta_w_norm,model.depth,model.width,model.n_params,model.flops,model.activation,model.normalization,model.residual_connection_ratio,model.attention_structure,model.required_memory_bytes,model.init_method,model.weight_norm_mean,model.weight_norm_std,task.input_dim,task.noise_level,task.n_samples,task.target_variance,task.target_entropy_estimate,task.feature_correlation_mean,task.redundancy,task.class_imbalance,task.distribution,hardware.device_type,hardware.device_name,hardware.device_count,hardware.memory_bytes,hardware.precision,hardware.interconnect,regime.regime_model_size,regime.regime_data_noise,regime.regime_data_volume,regime.regime_device,regime.regime_label,training.learning_rate,training.batch_size,training.optimizer,training.weight_decay,training.init_method,zero_cost.synflow,zero_cost.snip,zero_cost.grasp,zero_cost.jacob_cov,zero_cost.effective_rank,zero_cost.hessian_trace,zero_cost.jacobian_condition_mean,zero_cost.jacobian_condition_median,zero_cost.jacobian_sigma_max_mean,zero_cost.gradient_norm,zero_cost.gradient_norm_variance,zero_cost.activation_mean,zero_cost.activation_variance
1,2026-09-01 12:37:22,train,100,full_training,1.1182656288146973,0.045398544520139694,11.0,1,0,0.03990783300832845,2.8361449241638184,2,32,1217,2304,relu,none,0.0,none,19472,xavier,3.998493274052938,2.7725577354431152,3,0.138,384,1.8253250122070312,1.7198175632342114,0.0838538278245174,0.0,,gaussian,cpu,cpu,8,,float32,none,small,moderate,medium,cpu,small_model__moderate_data__medium_volume,0.02,32,adam,1e-05,xavier,85.53611755371094,8.069149017333984,-24.087940216064453,39.20600128173828,12.116669654846191,30.74699878692627,2.414494037628174,2.296313762664795,1.268123984336853,2.6606192588806152,47.589229583740234,0.15381493419408798,0.06664725951850414
2,2026-09-01 12:37:22,train,100,full_training,0.8947207927703857,0.02396816574037075,19.0,1,0,0.021499633992789313,2.661813974380493,2,32,1217,2304,relu,none,0.0,none,19472,he,5.3281480471293134,2.563436269760132,3,0.138,384,1.8253250122070312,1.7198175632342114,0.0838538278245174,0.0,,gaussian,cpu,cpu,8,,float32,none,small,moderate,medium,cpu,small_model__moderate_data__medium_volume,0.02,32,adam,1e-05,he,247.24282836914062,21.71025848388672,-96.4232177734375,39.20600128173828,12.11667251586914,142.50017642974854,2.414494037628174,2.2963130474090576,3.0628104209899902,5.222677230834961,217.70761108398438,0.37149839103221893,0.3887757360935211
3,2026-09-01 12:37:22,train,100,full_training,1.3256791830062866,0.025995444506406784,21.0,1,0,0.027679969993187115,4.323987007141113,2,32,1217,2304,relu,none,0.0,none,19472,orthogonal,3.8164965311686196,3.016789674758911,3,0.138,384,1.8253250122070312,1.7198175632342114,0.0838538278245174,0.0,,gaussian,cpu,cpu,8,,float32,none,small,moderate,medium,cpu,small_model__moderate_data__medium_volume,0.02,32,adam,1e-05,orthogonal,53.49358367919922,7.0512285232543945,-13.274039268493652,34.255550384521484,12.414780616760254,26.475765037536622,1.7520102262496948,1.7029095888137817,1.1636850833892822,2.22941517829895,26.9364070892334,0.1604592129588127,0.062251897528767586
4,2026-09-01 12:37:23,train,101,full_training,3.092975616455078,0.04932062327861786,296.0,1,0,0.42259772299439646,7.574869155883789,2,32,1377,2624,relu,none,0.0,none,22032,xavier,4.944721817970276,2.613090753555298,8,0.254,512,2.014313220977783,1.769077685224744,0.037587676905909494,0.0,,gaussian,cpu,cpu,8,,float32,none,small,noisy,medium,cpu,small_model__noisy_data__medium_volume,0.02,32,adam,1e-05,xavier,284.1978759765625,14.8740816116333,-139.43145751953125,111.06016540527344,18.1727352142334,61.93371429443359,16.32325553894043,13.190235137939453,2.46403169631958,4.381718635559082,93.44190979003906,0.31602372229099274,0.2813496068120003
5,2026-09-01 12:37:23,train,101,full_training,5.15520715713501,0.049931563436985016,183.0,1,0,0.27982077197520994,6.116885185241699,2,32,1377,2624,relu,none,0.0,none,22032,he,6.131039500236511,3.138056993484497,8,0.254,512,2.014313220977783,1.769077685224744,0.037587676905909494,0.0,,gaussian,cpu,cpu,8,,float32,none,small,noisy,medium,cpu,small_model__noisy_data__medium_volume,0.02,32,adam,1e-05,he,537.7823486328125,43.9675407409668,-1115.41015625,111.06016540527344,18.17274284362793,149.78344268798827,16.32325553894043,13.190239906311035,3.8959765434265137,11.212008476257324,764.76708984375,0.4996773600578308,0.7033740282058716
6,2026-09-01 12:37:23,train,101,full_training,2.41902494430542,0.04706865921616554,225.0,1,0,0.36026675198809244,7.544797420501709,2,32,1377,2624,relu,none,0.0,none,22032,orthogonal,4.333333333333333,2.8674416542053223,8,0.254,512,2.014313220977783,1.769077685224744,0.037587676905909494,0.0,,gaussian,cpu,cpu,8,,float32,none,small,noisy,medium,cpu,small_model__noisy_data__medium_volume,0.02,32,adam,1e-05,orthogonal,140.87918090820312,7.01792573928833,-39.411956787109375,119.68306732177734,19.25221061706543,61.713539123535156,6.6328043937683105,4.715435981750488,1.5321621894836426,2.645220994949341,45.935787200927734,0.27774403989315033,0.18466413021087646
7,2026-09-01 12:37:24,train,102,full_training,10.388945579528809,0.04473194107413292,419.0,1,0,0.6892428709834348,10.815069198608398,2,32,1249,2368,relu,none,0.0,none,19984,xavier,4.106595436731975,2.8521344661712646,4,0.203,512,8.67843246459961,2.4993589935684906,0.019102676933188813,0.0,,gaussian,cpu,cpu,8,,float32,none,small,moderate,medium,cpu,small_model__moderate_data__medium_volume,0.02,32,adam,1e-05,xavier,88.71050262451172,24.36697006225586,-485.8630676269531,87.03591918945312,14.316981315612793,9.663981437683105,3.319448471069336,3.113994598388672,1.612739086151123,11.062403678894043,98.37551879882812,0.20914451777935028,0.12564438581466675
8,2026-09-01 12:37:25,train,102,full_training,13.699686050415039,0.049492351710796356,465.0,1,0,1.1204036909912247,9.858505249023438,2,32,1249,2368,relu,none,0.0,none,19984,he,5.400059739748637,2.908212184906006,4,0.203,512,8.67843246459961,2.4993589935684906,0.019102676933188813,0.0,,gaussian,cpu,cpu,8,,float32,none,small,moderate,medium,cpu,small_model__moderate_data__medium_volume,0.02,32,adam,1e-05,he,225.21484375,76.1374740600586,-3744.8837890625,87.03591918945312,14.316981315612793,92.06339111328126,3.319448471069336,3.1139941215515137,3.4211361408233643,25.55948829650879,682.7422485351562,0.44366252422332764,0.565399706363678
9,2026-09-01 12:37:26,train,102,full_training,9.665803909301758,0.04132769629359245,266.0,1,0,0.6260591130121611,10.364007949829102,2,32,1249,2368,relu,none,0.0,none,19984,orthogonal,3.9428090254465737,2.9643869400024414,4,0.203,512,8.67843246459961,2.4993589935684906,0.019102676933188813,0.0,,gaussian,cpu,cpu,8,,float32,none,small,moderate,medium,cpu,small_model__moderate_data__medium_volume,0.02,32,adam,1e-05,orthogonal,68.3827133178711,18.35737419128418,-290.4862976074219,81.26355743408203,15.580216407775879,-24.914727020263673,2.0833377838134766,2.0384793281555176,1.2320257425308228,9.19994068145752,54.03138732910156,0.1920376420021057,0.09819643199443817
10,2026-09-01 12:37:26,train,103,full_training,2.6192755699157715,0.04570798948407173,66.0,1,0,0.13721210401854478,5.165410995483398,2,32,1281,2432,relu,none,0.0,none,20496,xavier,4.337605396906535,2.741262674331665,5,0.28,384,1.973253607749939,1.7587804121714583,0.04103959488929174,0.0,,gaussian,cpu,cpu,8,,float32,none,small,noisy,medium,cpu,small_model__noisy_data__medium_volume,0.02,32,adam,1e-05,xavier,116.72314453125,12.304842948913574,-82.7269058227539,106.70223999023438,17.013973236083984,53.76186046600342,3.946666717529297,3.671172857284546,1.7146878242492676,3.6366193294525146,114.12537384033203,0.2409358024597168,0.16195622086524963
11,2026-09-01 12:37:26,train,103,full_training,4.467731952667236,0.034553445875644684,91.0,1,0,0.2076053099881392,5.098618984222412,2,32,1281,2432,relu,none,0.0,none,20496,he,5.668473839759827,3.066263437271118,5,0.28,384,1.973253607749939,1.7587804121714583,0.04103959488929174,0.0,,gaussian,cpu,cpu,8,,float32,none,small,noisy,medium,cpu,small_model__noisy_data__medium_volume,0.02,32,adam,1e-05,he,268.70367431640625,42.09651184082031,-909.112548828125,106.70223999023438,17.013973236083984,191.41955776214598,3.9466664791107178,3.6711740493774414,3.2982676029205322,10.690446853637695,748.8756713867188,0.46344923973083496,0.5992380678653717
12,2026-09-01 12:37:27,train,103,full_training,2.0194461345672607,0.04229685291647911,87.0,1,0,0.21108422399265692,5.113454341888428,2,32,1281,2432,relu,none,0.0,none,20496,orthogonal,4.054092566172282,2.926488161087036,5,0.28,384,1.973253607749939,1.7587804121714583,0.04103959488929174,0.0,,gaussian,cpu,cpu,8,,float32,none,small,noisy,medium,cpu,small_model__noisy_data__medium_volume,0.02,32,adam,1e-05,orthogonal,84.57994079589844,6.802789211273193,-25.941925048828125,101.67530822753906,16.841360092163086,39.84441089630127,2.81847882270813,2.632075309753418,1.3166074752807617,2.3934147357940674,39.99018096923828,0.1987714022397995,0.1040346585214138
13,2026-09-01 12:37:27,train,104,full_training,2.813325881958008,0.04637614265084267,242.0,1,0,0.4577840190031566,7.227826118469238,2,32,1249,2368,relu,none,0.0,none,19984,xavier,4.106595436731975,2.8521344661712646,4,0.262,384,2.19335675239563,1.8116551002027421,0.038244502049663114,0.0,,gaussian,cpu,cpu,8,,float32,none,small,noisy,medium,cpu,small_model__noisy_data__medium_volume,0.02,32,adam,1e-05,xavier,88.71050262451172,9.629340171813965,-59.787261962890625,81.59139251708984,14.289291381835938,19.034610652923583,3.196363925933838,2.951655387878418,1.6153953075408936,3.8097381591796875,46.339324951171875,0.19839444011449814,0.10422427952289581
14,2026-09-01 12:37:28,train,104,full_training,4.872447490692139,0.03594263270497322,246.0,1,0,0.40801221900619566,6.946784973144531,2,32,1249,2368,relu,none,0.0,none,19984,he,5.400059739748637,2.908212184906006,4,0.262,384,2.19335675239563,1.8116551002027421,0.038244502049663114,0.0,,gaussian,cpu,cpu,8,,float32,none,small,noisy,medium,cpu,small_model__noisy_data__medium_volume,0.02,32,adam,1e-05,he,225.21484375,31.267789840698242,-592.40234375,81.59139251708984,14.289291381835938,79.94115104675294,3.196363925933838,2.9516546726226807,3.4267709255218506,9.473196983337402,323.5188293457031,0.42085811495780945,0.4690092206001282
15,2026-09-01 12:37:29,train,104,full_training,2.9079034328460693,0.04147414118051529,242.0,1,0,0.38974821599549614,7.275291442871094,2,32,1249,2368,relu,none,0.0,none,19984,orthogonal,3.9428090254465737,2.9643869400024414,4,0.262,384,2.19335675239563,1.8116551002027421,0.038244502049663114,0.0,,gaussian,cpu,cpu,8,,float32,none,small,noisy,medium,cpu,small_model__noisy_data__medium_volume,0.02,32,adam,1e-05,orthogonal,68.3827133178711,8.56087875366211,-48.29246520996094,88.86665344238281,15.744136810302734,16.539187049865724,1.998270869255066,1.9302829504013062,1.2693589925765991,3.4939236640930176,25.481245040893555,0.182563878595829,0.07574538141489029
16,2026-09-01 12:37:29,test,105,full_training,8.349503517150879,0.049409665167331696,119.0,1,0,0.20933703699847683,6.884422302246094,2,32,1345,2560,relu,none,0.0,none,21520,xavier,4.824894110361735,2.6007485389709473,7,0.105,256,3.5741796493530273,2.0558063737554515,0.047285493587231726,0.0,,gaussian,cpu,cpu,8,,float32,none,small,moderate,low,cpu,small_model__moderate_data__low_volume,0.02,32,adam,1e-05,xavier,222.52198791503906,56.25055694580078,-1871.6800537109375,104.45462036132812,17.71190071105957,147.57604484558107,6.8888936042785645,5.870559215545654,2.222818374633789,16.88570785522461,335.9065856933594,0.341405987739563,0.2938843369483948
17,2026-09-01 12:37:29,test,105,full_training,13.98237419128418,0.039262428879737854,124.0,1,0,0.20828728200285695,6.251845836639404,2,32,1345,2560,relu,none,0.0,none,21520,he,6.084149400393168,3.0874176025390625,7,0.105,256,3.5741796493530273,2.0558063737554515,0.047285493587231726,0.0,,gaussian,cpu,cpu,8,,float32,none,small,moderate,low,cpu,small_model__moderate_data__low_volume,0.02,32,adam,1e-05,he,444.48486328125,170.6617431640625,-14971.228515625,104.45462036132812,17.71190071105957,413.97232751846315,6.88889217376709,5.8705596923828125,3.7099862098693848,43.44460678100586,1955.72509765625,0.5698222815990448,0.8186778426170349
18,2026-09-01 12:37:29,test,105,full_training,6.350377082824707,0.049636028707027435,155.0,1,0,0.24602604599203914,8.131885528564453,2,32,1345,2560,relu,none,0.0,none,21520,orthogonal,4.247219244639079,2.8800108432769775,7,0.105,256,3.5741796493530273,2.0558063737554515,0.047285493587231726,0.0,,gaussian,cpu,cpu,8,,float32,none,small,moderate,low,cpu,small_model__moderate_data__low_volume,0.02,32,adam,1e-05,orthogonal,111.43936157226562,23.838645935058594,-524.25634765625,116.0270004272461,18.614194869995117,110.03518002033233,4.012962341308594,3.798285961151123,1.5874305963516235,9.974251747131348,157.81314086914062,0.28106188774108887,0.1689993143081665
19,2026-09-01 12:37:30,train,106,full_training,2.995710611343384,0.031600095331668854,31.0,1,0,0.06535648100543767,4.941559314727783,2,32,1281,2432,relu,none,0.0,none,20496,xavier,4.337605396906535,2.741262674331665,5,0.005,768,1.939387321472168,1.7501245879654008,0.019026749193931287,0.0,,gaussian,cpu,cpu,8,,float32,none,small,clean,high,cpu,small_model__clean_data__high_volume,0.02,32,adam,1e-05,xavier,116.72314453125,15.854774475097656,-145.38641357421875,93.28453063964844,15.775349617004395,71.49560050964355,3.8781301975250244,3.643312454223633,1.7699217796325684,5.053654193878174,112.28617095947266,0.24886100739240646,0.17749223113059998
20,2026-09-01 12:37:30,train,106,full_training,4.880295276641846,0.04555011913180351,35.0,1,0,0.07090727597824298,4.8269782066345215,2,32,1281,2432,relu,none,0.0,none,20496,he,5.668473839759827,3.066263437271118,5,0.005,768,1.939387321472168,1.7501245879654008,0.019026749193931287,0.0,,gaussian,cpu,cpu,8,,float32,none,small,clean,high,cpu,small_model__clean_data__high_volume,0.02,32,adam,1e-05,he,268.70367431640625,51.0832633972168,-1347.8380126953125,93.28453063964844,15.775346755981445,233.94864444732667,3.8781309127807617,3.643310785293579,3.404512405395508,13.697664260864258,554.6868896484375,0.4786937087774277,0.656721293926239
21,2026-09-01 12:37:30,train,106,full_training,2.56404972076416,0.0360761322081089,22.0,1,0,0.0375747790094465,4.515944957733154,2,32,1281,2432,relu,none,0.0,none,20496,orthogonal,4.054092566172282,2.926488161087036,5,0.005,768,1.939387321472168,1.7501245879654008,0.019026749193931287,0.0,,gaussian,cpu,cpu,8,,float32,none,small,clean,high,cpu,small_model__clean_data__high_volume,0.02,32,adam,1e-05,orthogonal,84.57994079589844,7.3660478591918945,-32.912696838378906,94.01850128173828,16.405254364013672,43.350302124023436,2.735748291015625,2.524547576904297,1.3265440464019775,2.750753402709961,46.9205207824707,0.1967955008149147,0.1050468161702156
22,2026-09-01 12:37:30,train,107,full_training,2.0556106567382812,0.037232905626297,202.0,1,0,0.28647414199076593,6.742597579956055,2,32,1281,2432,relu,none,0.0,none,20496,xavier,4.337605396906535,2.741262674331665,5,0.186,768,1.8620647192001343,1.729781501277494,0.027911563527203715,0.0,,gaussian,cpu,cpu,8,,float32,none,small,moderate,high,cpu,small_model__moderate_data__high_volume,0.02,32,adam,1e-05,xavier,116.72314453125,7.601405620574951,-16.675783157348633,95.91124725341797,17.203216552734375,62.69927978515625,4.0909342765808105,3.6403539180755615,1.7108817100524902,2.182114601135254,163.16635131835938,0.23817768692970276,0.16618315130472183
23,2026-09-01 12:37:31,train,107,full_training,3.3407974243164062,0.04499698430299759,241.0,1,0,0.31630634001339786,6.47808837890625,2,32,1281,2432,relu,none,0.0,none,20496,he,5.668473839759827,3.066263437271118,5,0.186,768,1.8620647192001343,1.729781501277494,0.027911563527203715,0.0,,gaussian,cpu,cpu,8,,float32,none,small,moderate,high,cpu,small_model__moderate_data__high_volume,0.02,32,adam,1e-05,he,268.70367431640625,24.998188018798828,-345.6073303222656,95.91124725341797,17.20322036743164,193.69727096557617,4.090935230255127,3.6403534412384033,3.2909467220306396,5.945541858673096,457.2392272949219,0.4581439644098282,0.6148777008056641
24,2026-09-01 12:37:31,train,107,full_training,1.9819952249526978,0.04912274330854416,190.0,1,0,0.2737852049758658,6.956507682800293,2,32,1281,2432,relu,none,0.0,none,20496,orthogonal,4.054092566172282,2.926488161087036,5,0.186,768,1.8620647192001343,1.729781501277494,0.027911563527203715,0.0,,gaussian,cpu,cpu,8,,float32,none,small,moderate,high,cpu,small_model__moderate_data__high_volume,0.02,32,adam,1e-05,orthogonal,84.57994079589844,6.111548900604248,-10.271669387817383,95.1545181274414,16.805805206298828,33.468058013916014,2.897587776184082,2.681488513946533,1.3022468090057373,2.1975009441375732,189.51675415039062,0.19888588786125183,0.10972510278224945
25,2026-09-01 12:37:31,train,108,full_training,11.182198524475098,0.04721515625715256,79.0,1,0,0.11346854199655354,6.9730000495910645,2,32,1249,2368,relu,none,0.0,none,19984,xavier,4.106595436731975,2.8521344661712646,4,0.215,256,4.140458106994629,2.129341750994159,0.043906223054964756,0.0,,gaussian,cpu,cpu,8,,float32,none,small,moderate,low,cpu,small_model__moderate_data__low_volume,0.02,32,adam,1e-05,xavier,88.71050262451172,18.747249603271484,-222.7271728515625,65.64082336425781,13.795726776123047,27.77402267456055,3.392601490020752,3.1497278213500977,1.5852543115615845,7.803291320800781,271.9421691894531,0.221949502825737,0.13715901970863342
26,2026-09-01 12:37:31,train,108,full_training,13.74420166015625,0.038953207433223724,199.0,1,0,0.2689078430121299,6.948189735412598,2,32,1249,2368,relu,none,0.0,none,19984,he,5.400059739748637,2.908212184906006,4,0.215,256,4.140458106994629,2.129341750994159,0.043906223054964756,0.0,,gaussian,cpu,cpu,8,,float32,none,small,moderate,low,cpu,small_model__moderate_data__low_volume,0.02,32,adam,1e-05,he,225.21484375,54.58314514160156,-1551.6669921875,65.64082336425781,13.795730590820312,113.5107292175293,3.392601490020752,3.149728298187256,3.3628320693969727,17.02972412109375,1427.6395263671875,0.47082602977752686,0.6172155439853668
27,2026-09-01 12:37:32,train,108,full_training,10.453351974487305,0.04697395861148834,133.0,1,0,0.1796555480104871,7.04710054397583,2,32,1249,2368,relu,none,0.0,none,19984,orthogonal,3.9428090254465737,2.9643869400024414,4,0.215,256,4.140458106994629,2.129341750994159,0.043906223054964756,0.0,,gaussian,cpu,cpu,8,,float32,none,small,moderate,low,cpu,small_model__moderate_data__low_volume,0.02,32,adam,1e-05,orthogonal,68.3827133178711,15.933881759643555,-153.2243194580078,73.09654998779297,15.560545921325684,17.80646686553955,2.0800156593322754,2.0189435482025146,1.2437644004821777,6.785016059875488,155.9210205078125,0.20144344121217728,0.10038270428776741
28,2026-09-01 12:37:32,train,109,full_training,1.8400548696517944,0.026968657970428467,21.0,1,0,0.027444809005828574,3.644418239593506,2,32,1249,2368,relu,none,0.0,none,19984,xavier,4.106595436731975,2.8521344661712646,4,0.069,768,2.0546772480010986,1.7789979225445198,0.055641171699510626,0.0,,gaussian,cpu,cpu,8,,float32,none,small,clean,high,cpu,small_model__clean_data__high_volume,0.02,32,adam,1e-05,xavier,88.71050262451172,8.359731674194336,-10.09876537322998,82.647705078125,14.084035873413086,28.77843770980835,3.103206157684326,3.0386509895324707,1.6541993618011475,2.5213358402252197,30.937362670898438,0.19676527380943298,0.10142188519239426
29,2026-09-01 12:37:32,train,109,full_training,1.153355360031128,0.04344968870282173,19.0,1,0,0.026662690012017265,3.385000228881836,2,32,1249,2368,relu,none,0.0,none,19984,he,5.400059739748637,2.908212184906006,4,0.069,768,2.0546772480010986,1.7789979225445198,0.055641171699510626,0.0,,gaussian,cpu,cpu,8,,float32,none,small,clean,high,cpu,small_model__clean_data__high_volume,0.02,32,adam,1e-05,he,225.21484375,21.08315658569336,-299.2218017578125,82.647705078125,14.08403205871582,71.54201965332031,3.103206157684326,3.03865122795105,3.5090866088867188,5.282002925872803,124.99170684814453,0.4174021780490875,0.45639844238758087
30,2026-09-01 12:37:32,train,109,full_training,2.4512946605682373,0.03271672874689102,12.0,1,0,0.014375611004652455,3.1347434520721436,2,32,1249,2368,relu,none,0.0,none,19984,orthogonal,3.9428090254465737,2.9643869400024414,4,0.069,768,2.0546772480010986,1.7789979225445198,0.055641171699510626,0.0,,gaussian,cpu,cpu,8,,float32,none,small,clean,high,cpu,small_model__clean_data__high_volume,0.02,32,adam,1e-05,orthogonal,68.3827133178711,8.374019622802734,-22.9604434967041,81.88449096679688,14.944186210632324,29.54349250793457,2.0007362365722656,1.9378281831741333,1.2769869565963745,2.7740347385406494,31.018085479736328,0.18379561603069305,0.08098755404353142
31,2026-09-01 12:37:32,train,110,full_training,4.875819206237793,0.04702383652329445,178.0,1,0,0.27306770798168145,6.780107498168945,2,32,1345,2560,relu,none,0.0,none,21520,xavier,4.824894110361735,2.6007485389709473,7,0.238,384,2.088444709777832,1.7871483486810107,0.040394922761488664,0.0,,gaussian,cpu,cpu,8,,float32,none,small,moderate,medium,cpu,small_model__moderate_data__medium_volume,0.02,32,adam,1e-05,xavier,222.52198791503906,44.08625030517578,-1084.8946533203125,108.30339050292969,17.644203186035156,115.14673385620117,9.245542526245117,5.890889644622803,2.192233085632324,12.591675758361816,232.5040740966797,0.33579325675964355,0.3025123327970505
32,2026-09-01 12:37:32,train,110,full_training,8.846355438232422,0.04574880003929138,174.0,1,0,0.22886781801935285,6.186689376831055,2,32,1345,2560,relu,none,0.0,none,21520,he,6.084149400393168,3.0874176025390625,7,0.238,384,2.088444709777832,1.7871483486810107,0.040394922761488664,0.0,,gaussian,cpu,cpu,8,,float32,none,small,moderate,medium,cpu,small_model__moderate_data__medium_volume,0.02,32,adam,1e-05,he,444.48486328125,132.52212524414062,-9125.994140625,108.30339050292969,17.64419937133789,371.6150238037109,9.245542526245117,5.890885829925537,3.658937931060791,33.61198806762695,2169.376220703125,0.5604544281959534,0.842712938785553
33,2026-09-01 12:37:33,train,110,full_training,3.9599850177764893,0.04694601520895958,163.0,1,0,0.21254369500093162,7.04983377456665,2,32,1345,2560,relu,none,0.0,none,21520,orthogonal,4.247219244639079,2.8800108432769775,7,0.238,384,2.088444709777832,1.7871483486810107,0.040394922761488664,0.0,,gaussian,cpu,cpu,8,,float32,none,small,moderate,medium,cpu,small_model__moderate_data__medium_volume,0.02,32,adam,1e-05,orthogonal,111.43936157226562,18.744150161743164,-322.8736572265625,114.69892120361328,18.207077026367188,78.68859672546387,4.4627861976623535,3.627859115600586,1.5524883270263672,7.534677505493164,103.06726837158203,0.2820983976125717,0.17017976194620132
34,2026-09-01 12:37:33,train,111,full_training,16.25827407836914,0.047930870205163956,381.0,1,0,0.5836813930072822,9.380010604858398,2,32,1249,2368,relu,none,0.0,none,19984,xavier,4.106595436731975,2.8521344661712646,4,0.276,512,7.017490863800049,2.3931413968728843,0.038348846205094066,0.0,,gaussian,cpu,cpu,8,,float32,none,small,noisy,medium,cpu,small_model__noisy_data__medium_volume,0.02,32,adam,1e-05,xavier,88.71050262451172,21.302127838134766,-285.9043273925781,78.90436553955078,13.950697898864746,31.288067245483397,3.372633934020996,3.414076089859009,1.6364326477050781,9.034186363220215,470.1842956542969,0.2113586813211441,0.12052848190069199
35,2026-09-01 12:37:34,train,111,full_training,19.54424285888672,0.045221976935863495,498.0,1,0,0.7943459729722235,9.154024124145508,2,32,1249,2368,relu,none,0.0,none,19984,he,5.400059739748637,2.908212184906006,4,0.276,512,7.017490863800049,2.3931413968728843,0.038348846205094066,0.0,,gaussian,cpu,cpu,8,,float32,none,small,noisy,medium,cpu,small_model__noisy_data__medium_volume,0.02,32,adam,1e-05,he,225.21484375,59.650611877441406,-1708.603759765625,78.90436553955078,13.95069408416748,116.34566650390624,3.372634172439575,3.4140753746032715,3.471398115158081,18.79012107849121,2261.63671875,0.4483594447374344,0.5423780977725983
36,2026-09-01 12:37:35,train,111,full_training,15.460895538330078,0.04288085550069809,381.0,1,0,0.5521645409753546,9.938669204711914,2,32,1249,2368,relu,none,0.0,none,19984,orthogonal,3.9428090254465737,2.9643869400024414,4,0.276,512,7.017490863800049,2.3931413968728843,0.038348846205094066,0.0,,gaussian,cpu,cpu,8,,float32,none,small,noisy,medium,cpu,small_model__noisy_data__medium_volume,0.02,32,adam,1e-05,orthogonal,68.3827133178711,17.51723289489746,-205.32693481445312,92.866455078125,15.249274253845215,2.9415971755981447,2.0589282512664795,1.9347182512283325,1.25357186794281,7.951526641845703,285.3091735839844,0.19174893200397491,0.08994314447045326
37,2026-09-01 12:37:35,test,112,full_training,2.0695807933807373,0.047665830701589584,51.0,1,0,0.0718929830181878,5.105696678161621,2,32,1281,2432,relu,none,0.0,none,20496,xavier,4.337605396906535,2.741262674331665,5,0.25,512,1.9897546768188477,1.7629442097829566,0.04638826118457402,0.0,,gaussian,cpu,cpu,8,,float32,none,small,noisy,medium,cpu,small_model__noisy_data__medium_volume,0.02,32,adam,1e-05,xavier,116.72314453125,11.78879451751709,-83.68099212646484,90.76823425292969,16.550399780273438,56.56692366600036,4.006834030151367,3.7387404441833496,1.7475321292877197,3.4597725868225098,70.32293701171875,0.22984695434570312,0.15169258415699005
38,2026-09-01 12:37:35,test,112,full_training,3.8559131622314453,0.0485767126083374,49.0,1,0,0.07767188097932376,5.013282775878906,2,32,1281,2432,relu,none,0.0,none,20496,he,5.668473839759827,3.066263437271118,5,0.25,512,1.9897546768188477,1.7629442097829566,0.04638826118457402,0.0,,gaussian,cpu,cpu,8,,float32,none,small,noisy,medium,cpu,small_model__noisy_data__medium_volume,0.02,32,adam,1e-05,he,268.70367431640625,43.18779373168945,-1145.120361328125,90.76823425292969,16.550399780273438,177.05351371765136,4.006833553314209,3.738740921020508,3.3614449501037598,11.45766830444336,632.2221069335938,0.44211944937705994,0.5612626075744629
39,2026-09-01 12:37:35,test,112,full_training,1.833909511566162,0.045019835233688354,39.0,1,0,0.06860487398807891,4.86578369140625,2,32,1281,2432,relu,none,0.0,none,20496,orthogonal,4.054092566172282,2.926488161087036,5,0.25,512,1.9897546768188477,1.7629442097829566,0.04638826118457402,0.0,,gaussian,cpu,cpu,8,,float32,none,small,noisy,medium,cpu,small_model__noisy_data__medium_volume,0.02,32,adam,1e-05,orthogonal,84.57994079589844,6.3658599853515625,-21.84150505065918,103.39728546142578,17.01824951171875,37.993173599243164,3.0105185508728027,2.74729585647583,1.3439067602157593,2.2994282245635986,38.85519790649414,0.18591775000095367,0.09529944136738777
40,2026-09-01 12:37:35,train,113,full_training,3.3131496906280518,0.04964395612478256,157.0,1,0,0.2325300489901565,6.721983432769775,2,32,1249,2368,relu,none,0.0,none,19984,xavier,4.106595436731975,2.8521344661712646,4,0.196,512,2.21958589553833,1.8175988556763478,0.039080806585754996,0.0,,gaussian,cpu,cpu,8,,float32,none,small,moderate,medium,cpu,small_model__moderate_data__medium_volume,0.02,32,adam,1e-05,xavier,88.71050262451172,13.237300872802734,-112.45169067382812,73.53961944580078,13.326103210449219,36.85682716369629,3.372739315032959,3.2089712619781494,1.6730587482452393,4.887053489685059,684.625244140625,0.22038161009550095,0.13886557519435883
41,2026-09-01 12:37:36,train,113,full_training,3.987642765045166,0.04008365422487259,233.0,1,0,0.3229211230063811,6.418890476226807,2,32,1249,2368,relu,none,0.0,none,19984,he,5.400059739748637,2.908212184906006,4,0.196,512,2.21958589553833,1.8175988556763478,0.039080806585754996,0.0,,gaussian,cpu,cpu,8,,float32,none,small,moderate,medium,cpu,small_model__moderate_data__medium_volume,0.02,32,adam,1e-05,he,225.21484375,42.66431427001953,-1248.4840087890625,73.53961944580078,13.32610034942627,113.63269081115723,3.372739315032959,3.2089688777923584,3.549093723297119,13.464167594909668,4273.54443359375,0.4674999564886093,0.6248950362205505
42,2026-09-01 12:37:36,train,113,full_training,3.305828809738159,0.04530689865350723,146.0,1,0,0.18973746499978006,6.55886697769165,2,32,1249,2368,relu,none,0.0,none,19984,orthogonal,3.9428090254465737,2.9643869400024414,4,0.196,512,2.21958589553833,1.8175988556763478,0.039080806585754996,0.0,,gaussian,cpu,cpu,8,,float32,none,small,moderate,medium,cpu,small_model__moderate_data__medium_volume,0.02,32,adam,1e-05,orthogonal,68.3827133178711,11.685741424560547,-84.16230773925781,84.64111328125,15.045244216918945,31.079125118255615,2.0225818157196045,1.9048970937728882,1.286277174949646,4.324560165405273,600.5374755859375,0.1992953047156334,0.09576299414038658
43,2026-09-01 12:37:36,train,114,full_training,5.900721073150635,0.044593650847673416,213.0,1,0,0.2648737279814668,7.56976842880249,2,32,1249,2368,relu,none,0.0,none,19984,xavier,4.106595436731975,2.8521344661712646,4,0.169,512,3.737501621246338,2.07814721945217,0.05601093068498042,0.0,,gaussian,cpu,cpu,8,,float32,none,small,moderate,medium,cpu,small_model__moderate_data__medium_volume,0.02,32,adam,1e-05,xavier,88.71050262451172,14.349451065063477,-104.47193908691406,69.2998275756836,14.175501823425293,27.0185640335083,3.3453781604766846,3.215178966522217,1.6474523544311523,5.705554962158203,38.40532302856445,0.1996147260069847,0.10663020238280296
44,2026-09-01 12:37:37,train,114,full_training,9.106314659118652,0.04417123273015022,229.0,1,0,0.28189768400625326,6.895741939544678,2,32,1249,2368,relu,none,0.0,none,19984,he,5.400059739748637,2.908212184906006,4,0.169,512,3.737501621246338,2.07814721945217,0.05601093068498042,0.0,,gaussian,cpu,cpu,8,,float32,none,small,moderate,medium,cpu,small_model__moderate_data__medium_volume,0.02,32,adam,1e-05,he,225.21484375,41.504608154296875,-709.64501953125,69.2998275756836,14.175498008728027,92.78990478515625,3.3453781604766846,3.215178966522217,3.4947738647460938,11.663102149963379,349.35919189453125,0.42344674468040466,0.4798358678817749
45,2026-09-01 12:37:37,train,114,full_training,5.144262313842773,0.04284575581550598,258.0,1,0,0.3150238369998988,7.970556259155273,2,32,1249,2368,relu,none,0.0,none,19984,orthogonal,3.9428090254465737,2.9643869400024414,4,0.169,512,3.737501621246338,2.07814721945217,0.05601093068498042,0.0,,gaussian,cpu,cpu,8,,float32,none,small,moderate,medium,cpu,small_model__moderate_data__medium_volume,0.02,32,adam,1e-05,orthogonal,68.3827133178711,12.4319486618042,-95.2878646850586,80.03627014160156,15.211440086364746,14.079929065704345,1.9548628330230713,1.9288525581359863,1.261478304862976,5.439579486846924,23.931028366088867,0.1873789280653,0.08159521594643593
46,2026-09-01 12:37:37,train,115,full_training,1.7319481372833252,0.04250377044081688,18.0,1,0,0.02072315599070862,3.3948514461517334,2,32,1249,2368,relu,none,0.0,none,19984,xavier,4.106595436731975,2.8521344661712646,4,0.059,256,1.9879740476608276,1.7624965600309757,0.036315961088896946,0.0,,gaussian,cpu,cpu,8,,float32,none,small,clean,low,cpu,small_model__clean_data__low_volume,0.02,32,adam,1e-05,xavier,88.71050262451172,9.096773147583008,-17.439905166625977,61.067291259765625,13.730316162109375,43.194516849517825,3.4408841133117676,3.303478717803955,1.6528091430664062,2.75197172164917,16.649438858032227,0.19981402158737183,0.11345415934920311
47,2026-09-01 12:37:37,train,115,full_training,1.5169366598129272,0.031638290733098984,9.0,1,0,0.011625284008914605,2.1950957775115967,2,32,1249,2368,relu,none,0.0,none,19984,he,5.400059739748637,2.908212184906006,4,0.059,256,1.9879740476608276,1.7624965600309757,0.036315961088896946,0.0,,gaussian,cpu,cpu,8,,float32,none,small,clean,low,cpu,small_model__clean_data__low_volume,0.02,32,adam,1e-05,he,225.21484375,21.83988380432129,-208.4399871826172,61.067291259765625,13.73031997680664,104.19993133544922,3.4408841133117676,3.303481340408325,3.5061376094818115,5.156851768493652,173.32627868652344,0.4238694757223129,0.5105436444282532
48,2026-09-01 12:37:37,train,115,full_training,2.0948362350463867,0.04890799894928932,12.0,1,0,0.017023114021867514,3.115234136581421,2,32,1249,2368,relu,none,0.0,none,19984,orthogonal,3.9428090254465737,2.9643869400024414,4,0.059,256,1.9879740476608276,1.7624965600309757,0.036315961088896946,0.0,,gaussian,cpu,cpu,8,,float32,none,small,clean,low,cpu,small_model__clean_data__low_volume,0.02,32,adam,1e-05,orthogonal,68.3827133178711,8.563217163085938,-25.39498519897461,88.24359130859375,14.73292350769043,39.592526817321776,2.1455636024475098,2.0373950004577637,1.2747890949249268,3.0112836360931396,19.981096267700195,0.18039605766534805,0.08624458312988281
49,2026-09-01 12:37:38,train,116,full_training,2.8548970222473145,0.03609216958284378,147.0,1,0,0.20332302901078947,5.911025047302246,2,32,1377,2624,relu,none,0.0,none,22032,xavier,4.944721817970276,2.613090753555298,8,0.164,512,1.7889457941055298,1.7097517854635775,0.04023200765423677,0.0,,gaussian,cpu,cpu,8,,float32,none,small,moderate,medium,cpu,small_model__moderate_data__medium_volume,0.02,32,adam,1e-05,xavier,284.1978759765625,26.7246150970459,-391.96295166015625,108.29656982421875,17.555133819580078,59.40086350440979,15.65137004852295,11.462381362915039,2.4563193321228027,8.129378318786621,116.06910705566406,0.3222237527370453,0.2841576933860779
50,2026-09-01 12:37:38,train,116,full_training,3.902416229248047,0.039123475551605225,209.0,1,0,0.6360702009988017,6.154561996459961,2,32,1377,2624,relu,none,0.0,none,22032,he,6.131039500236511,3.138056993484497,8,0.164,512,1.7889457941055298,1.7097517854635775,0.04023200765423677,0.0,,gaussian,cpu,cpu,8,,float32,none,small,moderate,medium,cpu,small_model__moderate_data__medium_volume,0.02,32,adam,1e-05,he,537.7823486328125,68.55917358398438,-2278.745361328125,108.29656982421875,17.555133819580078,137.77837886810303,15.651372909545898,11.462387084960938,3.883781909942627,17.78406524658203,502.1949157714844,0.5094804763793945,0.7103942334651947
51,2026-09-01 12:37:39,train,116,full_training,3.029447078704834,0.03905562683939934,147.0,1,0,0.5571503410174046,7.1266045570373535,2,32,1377,2624,relu,none,0.0,none,22032,orthogonal,4.333333333333333,2.8674416542053223,8,0.164,512,1.7889457941055298,1.7097517854635775,0.04023200765423677,0.0,,gaussian,cpu,cpu,8,,float32,none,small,moderate,medium,cpu,small_model__moderate_data__medium_volume,0.02,32,adam,1e-05,orthogonal,140.87918090820312,11.10669994354248,-101.85323333740234,118.80990600585938,19.006071090698242,55.935610961914065,6.853338718414307,5.644789695739746,1.507232427597046,4.676974773406982,60.44944763183594,0.2596522867679596,0.1605854108929634
52,2026-09-01 12:37:40,test,117,full_training,7.70114278793335,0.04751172289252281,154.0,1,0,0.4996647140069399,8.20778751373291,2,32,1249,2368,relu,none,0.0,none,19984,xavier,4.106595436731975,2.8521344661712646,4,0.054,384,5.210128307342529,2.244240774500231,0.02321914937049302,0.0,,gaussian,cpu,cpu,8,,float32,none,small,clean,medium,cpu,small_model__clean_data__medium_volume,0.02,32,adam,1e-05,xavier,88.71050262451172,18.15383529663086,-235.53907775878906,82.14389038085938,13.924412727355957,27.20009365081787,3.1549432277679443,3.1583917140960693,1.6552870273590088,8.194839477539062,233.63482666015625,0.2031082957983017,0.12407070770859718
53,2026-09-01 12:37:40,test,117,full_training,12.790434837341309,0.04675890505313873,174.0,1,0,0.3431505089974962,7.636449337005615,2,32,1249,2368,relu,none,0.0,none,19984,he,5.400059739748637,2.908212184906006,4,0.054,384,5.210128307342529,2.244240774500231,0.02321914937049302,0.0,,gaussian,cpu,cpu,8,,float32,none,small,clean,medium,cpu,small_model__clean_data__medium_volume,0.02,32,adam,1e-05,he,225.21484375,53.351715087890625,-1555.9443359375,82.14389038085938,13.924409866333008,112.42569198608399,3.1549432277679443,3.1583919525146484,3.5113935470581055,17.267662048339844,1067.270751953125,0.43085777759552,0.5583181381225586
54,2026-09-01 12:37:41,test,117,full_training,6.455312728881836,0.0426846519112587,203.0,1,0,0.4492435430001933,8.449028015136719,2,32,1249,2368,relu,none,0.0,none,19984,orthogonal,3.9428090254465737,2.9643869400024414,4,0.054,384,5.210128307342529,2.244240774500231,0.02321914937049302,0.0,,gaussian,cpu,cpu,8,,float32,none,small,clean,medium,cpu,small_model__clean_data__medium_volume,0.02,32,adam,1e-05,orthogonal,68.3827133178711,14.688569068908691,-167.11813354492188,89.79174041748047,15.277976036071777,-2.7427957534790037,2.0126333236694336,1.9823718070983887,1.2398992776870728,7.200563430786133,167.72926330566406,0.18686822056770325,0.08889267966151237
55,2026-09-01 12:37:41,train,118,full_training,1.616358757019043,0.03026166930794716,10.0,1,0,0.02373883398831822,2.7783095836639404,2,32,1217,2304,relu,none,0.0,none,19472,xavier,3.998493274052938,2.7725577354431152,3,0.094,512,2.007537364959717,1.7673929228786056,0.01981668363188704,0.0,,gaussian,cpu,cpu,8,,float32,none,small,clean,medium,cpu,small_model__clean_data__medium_volume,0.02,32,adam,1e-05,xavier,85.53611755371094,12.40086841583252,-52.92656326293945,55.32175064086914,12.33680534362793,49.75107841491699,2.3624978065490723,2.2114455699920654,1.2945556640625,4.19682502746582,40.440208435058594,0.17894870042800903,0.09055845811963081
56,2026-09-01 12:37:41,train,118,full_training,1.0340297222137451,0.04638560116291046,18.0,1,0,0.04488076199777424,2.49987530708313,2,32,1217,2304,relu,none,0.0,none,19472,he,5.3281480471293134,2.563436269760132,3,0.094,512,2.007537364959717,1.7673929228786056,0.01981668363188704,0.0,,gaussian,cpu,cpu,8,,float32,none,small,clean,medium,cpu,small_model__clean_data__medium_volume,0.02,32,adam,1e-05,he,247.24282836914062,28.81235122680664,-125.78546142578125,55.32175064086914,12.33680534362793,227.3985168457031,2.3624978065490723,2.2114453315734863,3.1266489028930664,7.312320232391357,133.96481323242188,0.43220221996307373,0.528257742524147
57,2026-09-01 12:37:41,train,118,full_training,2.1050784587860107,0.049960315227508545,21.0,1,0,0.042454108013771474,4.112216472625732,2,32,1217,2304,relu,none,0.0,none,19472,orthogonal,3.8164965311686196,3.016789674758911,3,0.094,512,2.007537364959717,1.7673929228786056,0.01981668363188704,0.0,,gaussian,cpu,cpu,8,,float32,none,small,clean,medium,cpu,small_model__clean_data__medium_volume,0.02,32,adam,1e-05,orthogonal,53.49358367919922,11.769330978393555,-36.024471282958984,49.90318298339844,12.36128044128418,29.101087760925292,1.81197988986969,1.7514972686767578,1.2374391555786133,3.6612625122070312,27.223920822143555,0.18903299421072006,0.08577866479754448
58,2026-09-01 12:37:42,train,119,full_training,2.0957911014556885,0.04418618232011795,225.0,1,0,0.5586018970061559,6.696568012237549,2,32,1313,2496,relu,none,0.0,none,21008,xavier,4.628277778625488,2.699293613433838,6,0.054,768,1.9664058685302734,1.7570422553188172,0.02637845980702859,0.0,,gaussian,cpu,cpu,8,,float32,none,small,clean,high,cpu,small_model__clean_data__high_volume,0.02,32,adam,1e-05,xavier,180.12289428710938,7.074799060821533,-12.723749160766602,100.73735809326172,17.70661163330078,30.591594696044922,5.3104166984558105,4.816425323486328,1.9254885911941528,1.9114238023757935,60.826351165771484,0.2717776894569397,0.18661419302225113
59,2026-09-01 12:37:43,train,119,full_training,2.0265495777130127,0.042404964566230774,257.0,1,0,0.6380245119798928,6.945370197296143,2,32,1313,2496,relu,none,0.0,none,21008,he,5.945054133733113,3.1431682109832764,6,0.054,768,1.9664058685302734,1.7570422553188172,0.02637845980702859,0.0,,gaussian,cpu,cpu,8,,float32,none,small,clean,high,cpu,small_model__clean_data__high_volume,0.02,32,adam,1e-05,he,383.60638427734375,16.274120330810547,-56.10684585571289,100.73735809326172,17.706615447998047,86.67090549468995,5.3104166984558105,4.816427230834961,3.426431894302368,3.428295612335205,288.138427734375,0.4836319088935852,0.5909449607133865
60,2026-09-01 12:37:43,train,119,full_training,2.4328553676605225,0.04003141075372696,109.0,1,0,0.2118497450137511,5.782047748565674,2,32,1313,2496,relu,none,0.0,none,21008,orthogonal,4.154700259367625,2.899160146713257,6,0.054,768,1.9664058685302734,1.7570422553188172,0.02637845980702859,0.0,,gaussian,cpu,cpu,8,,float32,none,small,clean,high,cpu,small_model__clean_data__high_volume,0.02,32,adam,1e-05,orthogonal,108.75711059570312,5.940622329711914,-17.66810417175293,111.25391387939453,18.060152053833008,23.69185972213745,3.476560115814209,3.3785016536712646,1.4743244647979736,2.0927364826202393,35.17237091064453,0.23366723954677582,0.12434718012809753
61,2026-09-01 12:37:44,train,120,full_training,9.194311141967773,0.03504766523838043,189.0,1,0,0.489325930015184,7.772634983062744,2,32,1345,2560,relu,none,0.0,none,21520,xavier,4.824894110361735,2.6007485389709473,7,0.074,768,4.2228922843933105,2.139198667571713,0.02870877287449197,0.0,,gaussian,cpu,cpu,8,,float32,none,small,clean,high,cpu,small_model__clean_data__high_volume,0.02,32,adam,1e-05,xavier,222.52198791503906,69.35545349121094,-2718.1142578125,111.59940338134766,17.990694046020508,121.83194313049316,6.842350006103516,5.973400592803955,2.261056900024414,22.749364852905273,2768.712890625,0.3190360367298126,0.24686487019062042
62,2026-09-01 12:37:44,train,120,full_training,13.279655456542969,0.04041774570941925,314.0,1,0,0.71569093700964,7.791108131408691,2,32,1345,2560,relu,none,0.0,none,21520,he,6.084149400393168,3.0874176025390625,7,0.074,768,4.2228922843933105,2.139198667571713,0.02870877287449197,0.0,,gaussian,cpu,cpu,8,,float32,none,small,clean,high,cpu,small_model__clean_data__high_volume,0.02,32,adam,1e-05,he,444.48486328125,182.15127563476562,-15806.4169921875,111.59940338134766,17.990694046020508,360.5442169189453,6.842350959777832,5.9734015464782715,3.773808240890503,49.38151931762695,8780.884765625,0.5324858129024506,0.6876950562000275
63,2026-09-01 12:37:45,train,120,full_training,7.508945465087891,0.04864679276943207,165.0,1,0,0.3039564270002302,8.196394920349121,2,32,1345,2560,relu,none,0.0,none,21520,orthogonal,4.247219244639079,2.8800108432769775,7,0.074,768,4.2228922843933105,2.139198667571713,0.02870877287449197,0.0,,gaussian,cpu,cpu,8,,float32,none,small,clean,high,cpu,small_model__clean_data__high_volume,0.02,32,adam,1e-05,orthogonal,111.43936157226562,34.42353439331055,-1042.680908203125,113.40743255615234,19.244054794311523,91.3153076171875,4.004215240478516,3.6308987140655518,1.545770525932312,15.14452075958252,1004.186279296875,0.2726845443248749,0.15656842291355133
64,2026-09-01 12:37:45,train,121,full_training,0.7288388013839722,0.04586135596036911,10.0,1,0,0.016317012981744483,2.7535886764526367,2,32,1185,2240,relu,none,0.0,none,18960,xavier,3.9327030579249063,2.911090850830078,2,0.065,768,1.9745866060256958,1.7591180647243057,0.050696254838665224,0.0,,gaussian,cpu,cpu,8,,float32,none,small,clean,high,cpu,small_model__clean_data__high_volume,0.02,32,adam,1e-05,xavier,58.31831359863281,8.692087173461914,-29.121315002441406,-167.3564453125,7.253757476806641,10.344440174102782,1.8399189710617065,1.356906533241272,1.2682015895843506,3.019925355911255,51.356483459472656,0.1288967877626419,0.05980626866221428
65,2026-09-01 12:37:45,train,121,full_training,0.5591950416564941,0.04904920607805252,8.0,1,0,0.014743609994184226,1.6201386451721191,2,32,1185,2240,relu,none,0.0,none,18960,he,5.592296163241069,2.8417537212371826,2,0.065,768,1.9745866060256958,1.7591180647243057,0.050696254838665224,0.0,,gaussian,cpu,cpu,8,,float32,none,small,clean,high,cpu,small_model__clean_data__high_volume,0.02,32,adam,1e-05,he,203.48391723632812,22.269821166992188,-187.0915069580078,-167.3564453125,7.253757476806641,179.42235040664673,1.839918851852417,1.356906533241272,3.697411298751831,6.948977947235107,367.3319396972656,0.37579549849033356,0.5083533078432083
66,2026-09-01 12:37:45,train,121,full_training,0.7871189713478088,0.0462174229323864,10.0,1,0,0.02041349999490194,2.9057257175445557,2,32,1185,2240,relu,none,0.0,none,18960,orthogonal,3.666666487852732,3.0912060737609863,2,0.065,768,1.9745866060256958,1.7591180647243057,0.050696254838665224,0.0,,gaussian,cpu,cpu,8,,float32,none,small,clean,high,cpu,small_model__clean_data__high_volume,0.02,32,adam,1e-05,orthogonal,35.72531509399414,6.086523056030273,-17.571508407592773,-155.12791442871094,7.135117053985596,-1.061682891845703,1.330599069595337,1.3075222969055176,1.0949856042861938,2.2548975944519043,32.02168655395508,0.11778870970010757,0.0449689831584692
67,2026-09-01 12:37:46,train,122,full_training,2.706831455230713,0.048933908343315125,150.0,1,0,0.32942975297919475,6.447810173034668,2,32,1377,2624,relu,none,0.0,none,22032,xavier,4.944721817970276,2.613090753555298,8,0.064,512,1.8375557661056519,1.7231566834773582,0.03235764984075255,0.0,,gaussian,cpu,cpu,8,,float32,none,small,clean,medium,cpu,small_model__clean_data__medium_volume,0.02,32,adam,1e-05,xavier,284.1978759765625,22.66357421875,-319.12841796875,112.91358184814453,17.196941375732422,49.530396461486816,19.641698837280273,12.427212715148926,2.4939701557159424,7.229669570922852,289.6822509765625,0.3213825076818466,0.27708522975444794
68,2026-09-01 12:37:46,train,122,full_training,4.633255481719971,0.048124052584171295,134.0,1,0,0.31361609799205326,6.012585163116455,2,32,1377,2624,relu,none,0.0,none,22032,he,6.131039500236511,3.138056993484497,8,0.064,512,1.8375557661056519,1.7231566834773582,0.03235764984075255,0.0,,gaussian,cpu,cpu,8,,float32,none,small,clean,medium,cpu,small_model__clean_data__medium_volume,0.02,32,adam,1e-05,he,537.7823486328125,60.471641540527344,-1896.103759765625,112.91358184814453,17.196937561035156,123.09169235229493,19.6417236328125,12.427197456359863,3.9433131217956543,16.018339157104492,1083.5828857421875,0.5081503987312317,0.6927130818367004
69,2026-09-01 12:37:46,train,122,full_training,2.193772792816162,0.03759388625621796,89.0,1,0,0.21808941001654603,6.140676498413086,2,32,1377,2624,relu,none,0.0,none,22032,orthogonal,4.333333333333333,2.8674416542053223,8,0.064,512,1.8375557661056519,1.7231566834773582,0.03235764984075255,0.0,,gaussian,cpu,cpu,8,,float32,none,small,clean,medium,cpu,small_model__clean_data__medium_volume,0.02,32,adam,1e-05,orthogonal,140.87918090820312,11.297752380371094,-109.31057739257812,112.99348449707031,18.64556121826172,44.49419059753418,5.800681114196777,5.1092047691345215,1.54963219165802,4.530435085296631,138.57606506347656,0.2728314846754074,0.17169468849897385
70,2026-09-01 12:37:47,train,123,full_training,7.565255165100098,0.049508653581142426,163.0,1,0,0.2752664099971298,6.431514263153076,2,32,1217,2304,relu,none,0.0,none,19472,xavier,3.998493274052938,2.7725577354431152,3,0.08,768,5.356934070587158,2.258134438040257,0.02532337812379011,0.0,,gaussian,cpu,cpu,8,,float32,none,small,clean,high,cpu,small_model__clean_data__high_volume,0.02,32,adam,1e-05,xavier,85.53611755371094,22.094467163085938,-257.4178771972656,48.296791076660156,11.881487846374512,20.124691009521484,2.4107964038848877,2.2924115657806396,1.3192806243896484,8.941706657409668,491.4734802246094,0.1420404016971588,0.05852394178509712
71,2026-09-01 12:37:47,train,123,full_training,7.449880123138428,0.04813200607895851,211.0,1,0,0.3839191099978052,6.179826259613037,2,32,1217,2304,relu,none,0.0,none,19472,he,5.3281480471293134,2.563436269760132,3,0.08,768,5.356934070587158,2.258134438040257,0.02532337812379011,0.0,,gaussian,cpu,cpu,8,,float32,none,small,clean,high,cpu,small_model__clean_data__high_volume,0.02,32,adam,1e-05,he,247.24282836914062,59.92972183227539,-1244.29931640625,48.296791076660156,11.881487846374512,117.71100406646728,2.4107961654663086,2.292412042617798,3.1863653659820557,18.814973831176758,2425.303466796875,0.3430601954460144,0.3413897007703781
72,2026-09-01 12:37:48,train,123,full_training,6.496826171875,0.03886782377958298,203.0,1,0,0.391201288002776,7.168177127838135,2,32,1217,2304,relu,none,0.0,none,19472,orthogonal,3.8164965311686196,3.016789674758911,3,0.08,768,5.356934070587158,2.258134438040257,0.02532337812379011,0.0,,gaussian,cpu,cpu,8,,float32,none,small,clean,high,cpu,small_model__clean_data__high_volume,0.02,32,adam,1e-05,orthogonal,53.49358367919922,16.12177848815918,-137.4222412109375,41.693626403808594,12.118642807006836,-4.61395492553711,1.7957978248596191,1.7013288736343384,1.2034233808517456,7.144822120666504,301.4844970703125,0.14874020218849182,0.05376480706036091
73,2026-09-01 12:37:48,train,124,full_training,1.490983009338379,0.04465317726135254,22.0,1,0,0.04022029400221072,3.4468894004821777,2,32,1249,2368,relu,none,0.0,none,19984,xavier,4.106595436731975,2.8521344661712646,4,0.164,384,2.0406341552734375,1.775568843193267,0.03425815617174718,0.0,,gaussian,cpu,cpu,8,,float32,none,small,moderate,medium,cpu,small_model__moderate_data__medium_volume,0.02,32,adam,1e-05,xavier,88.71050262451172,9.049654006958008,-16.737125396728516,68.43195343017578,14.280282974243164,43.1771785736084,3.4114608764648438,3.2123210430145264,1.6302857398986816,2.8045032024383545,34.99249267578125,0.1936294361948967,0.10276666656136513
74,2026-09-01 12:37:48,train,124,full_training,1.0407657623291016,0.04961105063557625,26.0,1,0,0.050381611014017835,3.34787654876709,2,32,1249,2368,relu,none,0.0,none,19984,he,5.400059739748637,2.908212184906006,4,0.164,384,2.0406341552734375,1.775568843193267,0.03425815617174718,0.0,,gaussian,cpu,cpu,8,,float32,none,small,moderate,medium,cpu,small_model__moderate_data__medium_volume,0.02,32,adam,1e-05,he,225.21484375,17.235881805419922,-67.11006927490234,68.43195343017578,14.280282974243164,104.5029525756836,3.4114608764648438,3.212320566177368,3.4583582878112793,4.0253801345825195,79.14061737060547,0.41075003147125244,0.46244996786117554
75,2026-09-01 12:37:48,train,124,full_training,2.1135387420654297,0.03467043489217758,28.0,1,0,0.04295977498986758,3.905384063720703,2,32,1249,2368,relu,none,0.0,none,19984,orthogonal,3.9428090254465737,2.9643869400024414,4,0.164,384,2.0406341552734375,1.775568843193267,0.03425815617174718,0.0,,gaussian,cpu,cpu,8,,float32,none,small,moderate,medium,cpu,small_model__moderate_data__medium_volume,0.02,32,adam,1e-05,orthogonal,68.3827133178711,9.036859512329102,-29.357418060302734,91.03823852539062,15.56056022644043,42.35469465255737,2.086106300354004,2.0397093296051025,1.2480919361114502,2.970400333404541,35.59828567504883,0.17706023901700974,0.07681936770677567
76,2026-09-01 12:37:48,train,125,full_training,2.110644578933716,0.048983555287122726,73.0,1,0,0.11694725000415929,5.497148036956787,2,32,1281,2432,relu,none,0.0,none,20496,xavier,4.337605396906535,2.741262674331665,5,0.067,512,1.7672736644744873,1.7036575614763825,0.021876697988372978,0.0,,gaussian,cpu,cpu,8,,float32,none,small,clean,medium,cpu,small_model__clean_data__medium_volume,0.02,32,adam,1e-05,xavier,116.72314453125,11.076645851135254,-44.87848663330078,100.72754669189453,17.418058395385742,56.79017400741577,3.788422107696533,3.214451789855957,1.7105247974395752,3.172537088394165,92.29722595214844,0.2321529984474182,0.14789597690105438
77,2026-09-01 12:37:49,train,125,full_training,3.9312148094177246,0.036219172179698944,78.0,1,0,0.1200982480077073,5.087487697601318,2,32,1281,2432,relu,none,0.0,none,20496,he,5.668473839759827,3.066263437271118,5,0.067,512,1.7672736644744873,1.7036575614763825,0.021876697988372978,0.0,,gaussian,cpu,cpu,8,,float32,none,small,clean,medium,cpu,small_model__clean_data__medium_volume,0.02,32,adam,1e-05,he,268.70367431640625,33.973995208740234,-498.6511535644531,100.72754669189453,17.418062210083008,165.03291549682618,3.788422107696533,3.214451789855957,3.290259838104248,8.0922269821167,373.8601379394531,0.4465551823377609,0.5472151339054108
78,2026-09-01 12:37:49,train,125,full_training,1.6186809539794922,0.038301732391119,79.0,1,0,0.11379589300486259,5.722728729248047,2,32,1281,2432,relu,none,0.0,none,20496,orthogonal,4.054092566172282,2.926488161087036,5,0.067,512,1.7672736644744873,1.7036575614763825,0.021876697988372978,0.0,,gaussian,cpu,cpu,8,,float32,none,small,clean,medium,cpu,small_model__clean_data__medium_volume,0.02,32,adam,1e-05,orthogonal,84.57994079589844,7.316396713256836,-24.063438415527344,86.27992248535156,16.753786087036133,42.79117050170898,2.6702470779418945,2.495260715484619,1.3068079948425293,2.864539861679077,56.975914001464844,0.19546696543693542,0.10208047926425934
79,2026-09-01 12:37:49,train,126,full_training,9.419053077697754,0.04995451122522354,257.0,1,0,0.4960233199817594,8.414608001708984,2,32,1345,2560,relu,none,0.0,none,21520,xavier,4.824894110361735,2.6007485389709473,7,0.018,768,4.9530930519104,2.218944653409331,0.028715913889827114,0.0,,gaussian,cpu,cpu,8,,float32,none,small,clean,high,cpu,small_model__clean_data__high_volume,0.02,32,adam,1e-05,xavier,222.52198791503906,57.15509033203125,-1788.293212890625,113.76073455810547,18.842639923095703,146.5914093017578,7.23049783706665,6.334348678588867,2.145599842071533,17.716032028198242,476.0997619628906,0.3261631429195404,0.28685110807418823
80,2026-09-01 12:37:50,train,126,full_training,15.325443267822266,0.04288800433278084,413.0,1,0,0.6700036289985292,8.414070129394531,2,32,1345,2560,relu,none,0.0,none,21520,he,6.084149400393168,3.0874176025390625,7,0.018,768,4.9530930519104,2.218944653409331,0.028715913889827114,0.0,,gaussian,cpu,cpu,8,,float32,none,small,clean,high,cpu,small_model__clean_data__high_volume,0.02,32,adam,1e-05,he,444.48486328125,158.10726928710938,-11897.6396484375,113.76073455810547,18.842636108398438,389.82317504882815,7.230499267578125,6.334354400634766,3.5811045169830322,40.9368782043457,3430.72607421875,0.5443812906742096,0.7990852892398834
81,2026-09-01 12:37:51,train,126,full_training,7.387978553771973,0.047214340418577194,285.0,1,0,0.46422481699846685,9.572249412536621,2,32,1345,2560,relu,none,0.0,none,21520,orthogonal,4.247219244639079,2.8800108432769775,7,0.018,768,4.9530930519104,2.218944653409331,0.028715913889827114,0.0,,gaussian,cpu,cpu,8,,float32,none,small,clean,high,cpu,small_model__clean_data__high_volume,0.02,32,adam,1e-05,orthogonal,111.43936157226562,28.730361938476562,-722.7232055664062,117.10244750976562,19.184785842895508,118.22668685913087,4.66295862197876,4.027344703674316,1.5317085981369019,12.1453218460083,138.3482208251953,0.2843557447195053,0.17578347027301788
82,2026-09-01 12:37:51,test,127,full_training,1.5987138748168945,0.047246623784303665,41.0,1,0,0.07838727900525555,3.604753255844116,2,32,1185,2240,relu,none,0.0,none,18960,xavier,3.9327030579249063,2.911090850830078,2,0.274,256,1.9315621852874756,1.7481030821746053,0.04575942023888008,0.0,,gaussian,cpu,cpu,8,,float32,none,small,noisy,low,cpu,small_model__noisy_data__low_volume,0.02,32,adam,1e-05,xavier,58.31831359863281,9.329681396484375,-30.210447311401367,-122.93316650390625,7.110849857330322,19.429045486450196,1.914847731590271,1.468858242034912,1.26321280002594,3.1513118743896484,89.1632308959961,0.12368109077215195,0.05891825072467327
83,2026-09-01 12:37:51,test,127,full_training,1.5344960689544678,0.04433668032288551,31.0,1,0,0.0692620340269059,2.713067054748535,2,32,1185,2240,relu,none,0.0,none,18960,he,5.592296163241069,2.8417537212371826,2,0.274,256,1.9315621852874756,1.7481030821746053,0.04575942023888008,0.0,,gaussian,cpu,cpu,8,,float32,none,small,noisy,low,cpu,small_model__noisy_data__low_volume,0.02,32,adam,1e-05,he,203.48391723632812,22.587141036987305,-145.37132263183594,-122.93316650390625,7.110848903656006,208.09697723388672,1.91484797000885,1.4688584804534912,3.6828665733337402,6.728071212768555,589.6206665039062,0.3605892211198807,0.500805139541626
84,2026-09-01 12:37:51,test,127,full_training,1.477022409439087,0.046572573482990265,41.0,1,0,0.07480613799998537,3.6659445762634277,2,32,1185,2240,relu,none,0.0,none,18960,orthogonal,3.666666487852732,3.0912060737609863,2,0.274,256,1.9315621852874756,1.7481030821746053,0.04575942023888008,0.0,,gaussian,cpu,cpu,8,,float32,none,small,noisy,low,cpu,small_model__noisy_data__low_volume,0.02,32,adam,1e-05,orthogonal,35.72531509399414,6.316391468048096,-17.064777374267578,-163.02841186523438,7.133748531341553,5.193387603759765,1.3261274099349976,1.2973425388336182,1.0751190185546875,2.2853779792785645,43.654441833496094,0.11278015747666359,0.04276014864444733
85,2026-09-01 12:37:51,train,128,full_training,1.2843313217163086,0.04803738743066788,93.0,1,0,0.16499301401199773,5.836333751678467,2,32,1281,2432,relu,none,0.0,none,20496,xavier,4.337605396906535,2.741262674331665,5,0.122,512,1.9182753562927246,1.744651798424074,0.03874893834657822,0.0,,gaussian,cpu,cpu,8,,float32,none,small,moderate,medium,cpu,small_model__moderate_data__medium_volume,0.02,32,adam,1e-05,xavier,116.72314453125,7.381561756134033,-31.414329528808594,96.12146759033203,16.363422393798828,52.11298885345459,4.043251037597656,3.691624164581299,1.7416404485702515,2.2390177249908447,94.91792297363281,0.24265138804912567,0.17812687158584595
86,2026-09-01 12:37:52,train,128,full_training,2.5500922203063965,0.033248379826545715,123.0,1,0,0.23089321199222468,5.577502727508545,2,32,1281,2432,relu,none,0.0,none,20496,he,5.668473839759827,3.066263437271118,5,0.122,512,1.9182753562927246,1.744651798424074,0.03874893834657822,0.0,,gaussian,cpu,cpu,8,,float32,none,small,moderate,medium,cpu,small_model__moderate_data__medium_volume,0.02,32,adam,1e-05,he,268.70367431640625,32.48054504394531,-820.8422241210938,96.12146759033203,16.363418579101562,182.24696731567383,4.043251037597656,3.69162654876709,3.350112199783325,8.803574562072754,741.9932861328125,0.46674928069114685,0.6590694785118103
87,2026-09-01 12:37:52,train,128,full_training,1.112920880317688,0.03403252735733986,123.0,1,0,0.2259717900014948,6.094252109527588,2,32,1281,2432,relu,none,0.0,none,20496,orthogonal,4.054092566172282,2.926488161087036,5,0.122,512,1.9182753562927246,1.744651798424074,0.03874893834657822,0.0,,gaussian,cpu,cpu,8,,float32,none,small,moderate,medium,cpu,small_model__moderate_data__medium_volume,0.02,32,adam,1e-05,orthogonal,84.57994079589844,5.537394046783447,-10.642658233642578,88.75894927978516,16.813203811645508,30.558966827392577,2.9879753589630127,2.7849478721618652,1.310788869857788,1.9493260383605957,83.7752914428711,0.19906994700431824,0.1089860275387764
88,2026-09-01 12:37:53,train,129,full_training,7.525400161743164,0.04949977248907089,401.0,1,0,0.6963430929754395,8.419958114624023,2,32,1345,2560,relu,none,0.0,none,21520,xavier,4.824894110361735,2.6007485389709473,7,0.26,512,4.186886787414551,2.1349172570054713,0.030650894849597904,0.0,,gaussian,cpu,cpu,8,,float32,none,small,noisy,medium,cpu,small_model__noisy_data__medium_volume,0.02,32,adam,1e-05,xavier,222.52198791503906,49.80224609375,-1560.5111083984375,114.08379364013672,17.691930770874023,116.61829681396485,7.652378082275391,6.000646591186523,2.1516270637512207,15.903141975402832,1054.2801513671875,0.30394960939884186,0.2486255243420601
89,2026-09-01 12:37:53,train,129,full_training,12.490639686584473,0.04515102133154869,467.0,1,0,0.7775147350039333,8.605977058410645,2,32,1345,2560,relu,none,0.0,none,21520,he,6.084149400393168,3.0874176025390625,7,0.26,512,4.186886787414551,2.1349172570054713,0.030650894849597904,0.0,,gaussian,cpu,cpu,8,,float32,none,small,noisy,medium,cpu,small_model__noisy_data__medium_volume,0.02,32,adam,1e-05,he,444.48486328125,146.6254425048828,-11505.9501953125,114.08379364013672,17.691930770874023,318.6950148582458,7.652378082275391,6.000643730163574,3.5911643505096436,39.080379486083984,6041.69140625,0.5073058605194092,0.69259974360466
90,2026-09-01 12:37:54,train,129,full_training,5.904609203338623,0.043453969061374664,458.0,1,0,0.723495679005282,10.035472869873047,2,32,1345,2560,relu,none,0.0,none,21520,orthogonal,4.247219244639079,2.8800108432769775,7,0.26,512,4.186886787414551,2.1349172570054713,0.030650894849597904,0.0,,gaussian,cpu,cpu,8,,float32,none,small,noisy,medium,cpu,small_model__noisy_data__medium_volume,0.02,32,adam,1e-05,orthogonal,111.43936157226562,23.266281127929688,-498.931884765625,117.24644470214844,18.889991760253906,96.0953462600708,4.081765174865723,3.7379331588745117,1.5563181638717651,9.790321350097656,389.9642028808594,0.26491864770650864,0.14907953143119812
91,2026-09-01 12:37:54,train,130,full_training,3.373918294906616,0.04525141045451164,33.0,1,0,0.04873631100053899,4.751551151275635,2,32,1313,2496,relu,none,0.0,none,21008,xavier,4.628277778625488,2.699293613433838,6,0.128,768,2.2643818855285645,1.8275894449397314,0.026896346416769006,0.0,,gaussian,cpu,cpu,8,,float32,none,small,moderate,high,cpu,small_model__moderate_data__high_volume,0.02,32,adam,1e-05,xavier,180.12289428710938,10.367376327514648,-42.114990234375,101.29715728759766,17.704879760742188,11.460661697387696,5.2700371742248535,5.11829948425293,1.8199052810668945,3.136136054992676,52.077247619628906,0.2503562569618225,0.16961290687322617
92,2026-09-01 12:37:54,train,130,full_training,3.761467933654785,0.04205155000090599,25.0,1,0,0.043273054994642735,4.1372270584106445,2,32,1313,2496,relu,none,0.0,none,21008,he,5.945054133733113,3.1431682109832764,6,0.128,768,2.2643818855285645,1.8275894449397314,0.026896346416769006,0.0,,gaussian,cpu,cpu,8,,float32,none,small,moderate,high,cpu,small_model__moderate_data__high_volume,0.02,32,adam,1e-05,he,383.60638427734375,25.212467193603516,-212.57565307617188,101.29715728759766,17.704872131347656,55.65227127075195,5.270037651062012,5.118302822113037,3.2385449409484863,6.253562927246094,270.0999450683594,0.44551219046115875,0.5371075570583344
93,2026-09-01 12:37:55,train,130,full_training,3.7836079597473145,0.04423810541629791,28.0,1,0,0.04292274999897927,4.954171180725098,2,32,1313,2496,relu,none,0.0,none,21008,orthogonal,4.154700259367625,2.899160146713257,6,0.128,768,2.2643818855285645,1.8275894449397314,0.026896346416769006,0.0,,gaussian,cpu,cpu,8,,float32,none,small,moderate,high,cpu,small_model__moderate_data__high_volume,0.02,32,adam,1e-05,orthogonal,108.75711059570312,6.245029926300049,-23.58260726928711,114.82186889648438,18.07647132873535,13.665900611877442,3.8598146438598633,3.760152816772461,1.4120842218399048,2.406620502471924,24.06058692932129,0.2068127915263176,0.10656708851456642
94,2026-09-01 12:37:55,train,131,full_training,1.3038142919540405,0.04989052936434746,57.0,1,0,0.0794411120004952,5.390575408935547,2,32,1313,2496,relu,none,0.0,none,21008,xavier,4.628277778625488,2.699293613433838,6,0.112,256,1.7960689067840576,1.711738701179817,0.06695446084211151,0.0,,gaussian,cpu,cpu,8,,float32,none,small,moderate,low,cpu,small_model__moderate_data__low_volume,0.02,32,adam,1e-05,xavier,180.12289428710938,8.198803901672363,-28.180723190307617,100.01435089111328,17.255380630493164,34.09504356384277,5.270488262176514,5.002374172210693,1.8924684524536133,2.5413289070129395,151.72181701660156,0.2703080102801323,0.1992664933204651
95,2026-09-01 12:37:55,train,131,full_training,1.6147013902664185,0.04791758954524994,95.0,1,0,0.1438488160201814,5.418042182922363,2,32,1313,2496,relu,none,0.0,none,21008,he,5.945054133733113,3.1431682109832764,6,0.112,256,1.7960689067840576,1.711738701179817,0.06695446084211151,0.0,,gaussian,cpu,cpu,8,,float32,none,small,moderate,low,cpu,small_model__moderate_data__low_volume,0.02,32,adam,1e-05,he,383.60638427734375,20.697994232177734,-148.2760772705078,100.01435089111328,17.2553768157959,97.17301387786866,5.270487308502197,5.002374649047852,3.3676724433898926,5.225020408630371,634.2874755859375,0.4810166358947754,0.6310105621814728
96,2026-09-01 12:37:55,train,131,full_training,1.4144679307937622,0.04818746820092201,66.0,1,0,0.09920692999730818,5.868872165679932,2,32,1313,2496,relu,none,0.0,none,21008,orthogonal,4.154700259367625,2.899160146713257,6,0.112,256,1.7960689067840576,1.711738701179817,0.06695446084211151,0.0,,gaussian,cpu,cpu,8,,float32,none,small,moderate,low,cpu,small_model__moderate_data__low_volume,0.02,32,adam,1e-05,orthogonal,108.75711059570312,6.049498081207275,-25.155338287353516,114.52711486816406,17.72294807434082,21.034634590148926,3.615614652633667,3.428149938583374,1.437192440032959,2.4249184131622314,119.5915298461914,0.22194109112024307,0.12572678923606873
97,2026-09-01 12:37:55,train,132,full_training,4.273661136627197,0.026786167174577713,98.0,1,0,0.14434793702093884,6.458377361297607,2,32,1313,2496,relu,none,0.0,none,21008,xavier,4.628277778625488,2.699293613433838,6,0.047,256,4.013850212097168,2.1138139998594,0.04461113327529472,0.0,,gaussian,cpu,cpu,8,,float32,none,small,clean,low,cpu,small_model__clean_data__low_volume,0.02,32,adam,1e-05,xavier,180.12289428710938,30.34751319885254,-566.9495849609375,105.05793762207031,17.39305877685547,122.56981925964355,4.957059860229492,4.48477029800415,1.8512322902679443,12.722823143005371,2066.1015625,0.27141349017620087,0.2012241706252098
98,2026-09-01 12:37:56,train,132,full_training,3.5310213565826416,0.04404928535223007,130.0,1,0,0.1809960650280118,6.195211410522461,2,32,1313,2496,relu,none,0.0,none,21008,he,5.945054133733113,3.1431682109832764,6,0.047,256,4.013850212097168,2.1138139998594,0.04461113327529472,0.0,,gaussian,cpu,cpu,8,,float32,none,small,clean,low,cpu,small_model__clean_data__low_volume,0.02,32,adam,1e-05,he,383.60638427734375,61.74953079223633,-1943.3790283203125,105.05793762207031,17.39305877685547,232.60231704711913,4.957059860229492,4.48477029800415,3.2942919731140137,22.47907829284668,6889.5673828125,0.48298387229442596,0.6372098922729492
99,2026-09-01 12:37:56,train,132,full_training,5.26651668548584,0.03997967019677162,98.0,1,0,0.13285177299985662,6.78236722946167,2,32,1313,2496,relu,none,0.0,none,21008,orthogonal,4.154700259367625,2.899160146713257,6,0.047,256,4.013850212097168,2.1138139998594,0.04461113327529472,0.0,,gaussian,cpu,cpu,8,,float32,none,small,clean,low,cpu,small_model__clean_data__low_volume,0.02,32,adam,1e-05,orthogonal,108.75711059570312,20.267637252807617,-321.6549072265625,113.14047241210938,18.053668975830078,58.087898921966556,3.590775966644287,3.3206212520599365,1.3948355913162231,9.83767032623291,755.70166015625,0.22354601323604584,0.12512821704149246
100,2026-09-01 12:37:56,test,133,full_training,3.2745442390441895,0.02885640412569046,32.0,1,0,0.05136940200463869,4.78087043762207,2,32,1281,2432,relu,none,0.0,none,20496,xavier,4.337605396906535,2.741262674331665,5,0.106,512,1.8152879476547241,1.71706058519417,0.03677915827938831,0.0,,gaussian,cpu,cpu,8,,float32,none,small,moderate,medium,cpu,small_model__moderate_data__medium_volume,0.02,32,adam,1e-05,xavier,116.72314453125,10.422597885131836,-84.60903930664062,99.34516906738281,16.03934669494629,63.87399826049805,4.063493728637695,3.666957378387451,1.7098890542984009,3.2427546977996826,51.60905456542969,0.24727307260036469,0.1751362383365631
101,2026-09-01 12:37:56,test,133,full_training,5.6220855712890625,0.04681376367807388,26.0,1,0,0.046206640981836244,4.284405708312988,2,32,1281,2432,relu,none,0.0,none,20496,he,5.668473839759827,3.066263437271118,5,0.106,512,1.8152879476547241,1.71706058519417,0.03677915827938831,0.0,,gaussian,cpu,cpu,8,,float32,none,small,moderate,medium,cpu,small_model__moderate_data__medium_volume,0.02,32,adam,1e-05,he,268.70367431640625,43.861942291259766,-1386.529296875,99.34516906738281,16.039342880249023,196.2464277267456,4.063493728637695,3.666957139968872,3.2890372276306152,12.127813339233398,419.5750427246094,0.4756391942501068,0.6480041146278381
102,2026-09-01 12:37:56,test,133,full_training,2.754582405090332,0.0469706691801548,17.0,1,0,0.024017127987463027,3.8431458473205566,2,32,1281,2432,relu,none,0.0,none,20496,orthogonal,4.054092566172282,2.926488161087036,5,0.106,512,1.8152879476547241,1.71706058519417,0.03677915827938831,0.0,,gaussian,cpu,cpu,8,,float32,none,small,moderate,medium,cpu,small_model__moderate_data__medium_volume,0.02,32,adam,1e-05,orthogonal,84.57994079589844,5.054022312164307,-14.59732437133789,98.597900390625,17.054088592529297,45.48132858276367,2.868985652923584,2.723212957382202,1.3292899131774902,1.7627582550048828,37.80021667480469,0.19515399634838104,0.10383107513189316
103,2026-09-01 12:37:56,train,134,full_training,3.8217172622680664,0.04329964891076088,123.0,1,0,0.16540554698440246,6.057140827178955,2,32,1345,2560,relu,none,0.0,none,21520,xavier,4.824894110361735,2.6007485389709473,7,0.157,384,1.9665141105651855,1.7570697773725368,0.033811917810461556,0.0,,gaussian,cpu,cpu,8,,float32,none,small,moderate,medium,cpu,small_model__moderate_data__medium_volume,0.02,32,adam,1e-05,xavier,222.52198791503906,35.14737319946289,-769.4403076171875,114.48567199707031,17.383106231689453,136.25130386352538,9.962288856506348,6.017181396484375,2.1821393966674805,10.398653984069824,327.4763488769531,0.3256061524152756,0.2787482663989067
104,2026-09-01 12:37:57,train,134,full_training,8.833234786987305,0.046200066804885864,174.0,1,0,0.2488645899866242,6.23921537399292,2,32,1345,2560,relu,none,0.0,none,21520,he,6.084149400393168,3.0874176025390625,7,0.157,384,1.9665141105651855,1.7570697773725368,0.033811917810461556,0.0,,gaussian,cpu,cpu,8,,float32,none,small,moderate,medium,cpu,small_model__moderate_data__medium_volume,0.02,32,adam,1e-05,he,444.48486328125,111.85774230957031,-6960.7158203125,114.48567199707031,17.38311767578125,370.2553649902344,9.962291717529297,6.017178535461426,3.6420907974243164,28.641738891601562,2800.807861328125,0.543451577425003,0.7765130698680878
105,2026-09-01 12:37:57,train,134,full_training,2.8321380615234375,0.04264527186751366,80.0,1,0,0.10274969699094072,5.8466925621032715,2,32,1345,2560,relu,none,0.0,none,21520,orthogonal,4.247219244639079,2.8800108432769775,7,0.157,384,1.9665141105651855,1.7570697773725368,0.033811917810461556,0.0,,gaussian,cpu,cpu,8,,float32,none,small,moderate,medium,cpu,small_model__moderate_data__medium_volume,0.02,32,adam,1e-05,orthogonal,111.43936157226562,15.446707725524902,-243.35531616210938,114.61634826660156,18.6931095123291,77.33654479980468,4.3086748123168945,3.794621229171753,1.5465562343597412,6.405625820159912,103.62327575683594,0.2735689878463745,0.16563144326210022
106,2026-09-01 12:37:57,train,135,full_training,8.975555419921875,0.04171155393123627,530.0,1,0,0.7302719980070833,12.159412384033203,2,32,1281,2432,relu,none,0.0,none,20496,xavier,4.337605396906535,2.741262674331665,5,0.188,512,9.11685562133789,2.5240010163418938,0.04036128674643343,0.0,,gaussian,cpu,cpu,8,,float32,none,small,moderate,medium,cpu,small_model__moderate_data__medium_volume,0.02,32,adam,1e-05,xavier,116.72314453125,23.37900161743164,-197.44175720214844,106.22942352294922,16.454242706298828,67.0778694152832,3.843532085418701,3.573700189590454,1.7972947359085083,9.0587797164917,1588.6778564453125,0.24378447234630585,0.16352907568216324
107,2026-09-01 12:37:58,train,135,full_training,7.8071980476379395,0.047828979790210724,621.0,1,0,0.8006998040073086,13.048103332519531,2,32,1281,2432,relu,none,0.0,none,20496,he,5.668473839759827,3.066263437271118,5,0.188,512,9.11685562133789,2.5240010163418938,0.04036128674643343,0.0,,gaussian,cpu,cpu,8,,float32,none,small,moderate,medium,cpu,small_model__moderate_data__medium_volume,0.02,32,adam,1e-05,he,268.70367431640625,44.510337829589844,-281.04840087890625,106.22942352294922,16.454235076904297,224.18161163330078,3.843532085418701,3.5736985206604004,3.457165479660034,13.306289672851562,4765.29736328125,0.4689287841320038,0.6050576269626617
108,2026-09-01 12:37:59,train,135,full_training,9.46462345123291,0.047196656465530396,364.0,1,0,0.44608246799907647,10.198343276977539,2,32,1281,2432,relu,none,0.0,none,20496,orthogonal,4.054092566172282,2.926488161087036,5,0.188,512,9.11685562133789,2.5240010163418938,0.04036128674643343,0.0,,gaussian,cpu,cpu,8,,float32,none,small,moderate,medium,cpu,small_model__moderate_data__medium_volume,0.02,32,adam,1e-05,orthogonal,84.57994079589844,16.666446685791016,-146.33786010742188,98.93787384033203,17.092397689819336,27.548486375808714,2.8329880237579346,2.6710894107818604,1.3231868743896484,7.653797149658203,1350.0244140625,0.19331029802560806,0.10218453034758568
109,2026-09-01 12:37:59,test,136,full_training,2.5247445106506348,0.04255591705441475,21.0,1,0,0.023689641995588318,4.085918426513672,2,32,1313,2496,relu,none,0.0,none,21008,xavier,4.628277778625488,2.699293613433838,6,0.129,256,2.3382134437561035,1.8436321093005483,0.05710975922379513,0.0,,gaussian,cpu,cpu,8,,float32,none,small,moderate,low,cpu,small_model__moderate_data__low_volume,0.02,32,adam,1e-05,xavier,180.12289428710938,12.16655445098877,-46.41616439819336,101.86710357666016,17.665313720703125,19.744379425048827,4.913520812988281,4.6601972579956055,1.8586406707763672,3.274958610534668,55.425662994384766,0.2786043882369995,0.2154802829027176
110,2026-09-01 12:37:59,test,136,full_training,2.7268338203430176,0.04447336122393608,36.0,1,0,0.04115141902002506,4.295556545257568,2,32,1313,2496,relu,none,0.0,none,21008,he,5.945054133733113,3.1431682109832764,6,0.129,256,2.3382134437561035,1.8436321093005483,0.05710975922379513,0.0,,gaussian,cpu,cpu,8,,float32,none,small,moderate,low,cpu,small_model__moderate_data__low_volume,0.02,32,adam,1e-05,he,383.60638427734375,29.416702270507812,-243.2626495361328,101.86710357666016,17.66531753540039,73.19762420654297,4.913520812988281,4.660197734832764,3.3074750900268555,6.610306262969971,580.5648193359375,0.49578018486499786,0.6823542416095734
111,2026-09-01 12:37:59,test,136,full_training,2.8269176483154297,0.040657736361026764,32.0,1,0,0.03739493800094351,5.023231029510498,2,32,1313,2496,relu,none,0.0,none,21008,orthogonal,4.154700259367625,2.899160146713257,6,0.129,256,2.3382134437561035,1.8436321093005483,0.05710975922379513,0.0,,gaussian,cpu,cpu,8,,float32,none,small,moderate,low,cpu,small_model__moderate_data__low_volume,0.02,32,adam,1e-05,orthogonal,108.75711059570312,8.476329803466797,-35.654441833496094,112.59175109863281,17.674640655517578,16.39880790710449,3.445358991622925,3.313832998275757,1.438348650932312,2.8802340030670166,22.473255157470703,0.23269476741552353,0.1348928064107895
112,2026-09-01 12:37:59,train,137,full_training,1.0868486166000366,0.04738829284906387,120.0,1,0,0.15318306698463857,5.810258865356445,2,32,1249,2368,relu,none,0.0,none,19984,xavier,4.106595436731975,2.8521344661712646,4,0.054,512,1.9732334613800049,1.7587753072846106,0.02954186026153761,0.0,,gaussian,cpu,cpu,8,,float32,none,small,clean,medium,cpu,small_model__clean_data__medium_volume,0.02,32,adam,1e-05,xavier,88.71050262451172,11.673948287963867,-70.36509704589844,70.3037338256836,13.863263130187988,38.3649097442627,3.102024793624878,2.975198268890381,1.6176645755767822,4.001501083374023,194.90467834472656,0.20615677535533905,0.12673839926719666
113,2026-09-01 12:38:00,train,137,full_training,3.11128306388855,0.032402992248535156,175.0,1,0,0.22220752999419346,5.925803184509277,2,32,1249,2368,relu,none,0.0,none,19984,he,5.400059739748637,2.908212184906006,4,0.054,512,1.9732334613800049,1.7587753072846106,0.02954186026153761,0.0,,gaussian,cpu,cpu,8,,float32,none,small,clean,medium,cpu,small_model__clean_data__medium_volume,0.02,32,adam,1e-05,he,225.21484375,39.220523834228516,-758.1083984375,70.3037338256836,13.863263130187988,118.3684211730957,3.102024793624878,2.97519850730896,3.431584596633911,10.452242851257324,1031.57470703125,0.43732455372810364,0.5703227519989014
114,2026-09-01 12:38:00,train,137,full_training,1.0486268997192383,0.03213274106383324,113.0,1,0,0.1481260880245827,6.001881122589111,2,32,1249,2368,relu,none,0.0,none,19984,orthogonal,3.9428090254465737,2.9643869400024414,4,0.054,512,1.9732334613800049,1.7587753072846106,0.02954186026153761,0.0,,gaussian,cpu,cpu,8,,float32,none,small,clean,medium,cpu,small_model__clean_data__medium_volume,0.02,32,adam,1e-05,orthogonal,68.3827133178711,10.104669570922852,-63.50811767578125,84.60526275634766,15.58775520324707,21.052418899536132,2.006582260131836,1.870443344116211,1.2575817108154297,3.8152801990509033,148.52743530273438,0.186498761177063,0.09158090129494667
115,2026-09-01 12:38:00,test,138,full_training,3.939302921295166,0.04981474205851555,122.0,1,0,0.15675558100338094,6.431124687194824,2,32,1249,2368,relu,none,0.0,none,19984,xavier,4.106595436731975,2.8521344661712646,4,0.115,512,2.701568603515625,1.915854817495135,0.03861691761413829,0.0,,gaussian,cpu,cpu,8,,float32,none,small,moderate,medium,cpu,small_model__moderate_data__medium_volume,0.02,32,adam,1e-05,xavier,88.71050262451172,21.245464324951172,-303.2115173339844,75.71315002441406,14.310002326965332,12.73558406829834,3.276080846786499,3.1661415100097656,1.6074695587158203,8.797050476074219,193.58139038085938,0.19805152714252472,0.10856325179338455
116,2026-09-01 12:38:00,test,138,full_training,5.874272346496582,0.04892591014504433,176.0,1,0,0.2024666020006407,6.323477268218994,2,32,1249,2368,relu,none,0.0,none,19984,he,5.400059739748637,2.908212184906006,4,0.115,512,2.701568603515625,1.915854817495135,0.03861691761413829,0.0,,gaussian,cpu,cpu,8,,float32,none,small,moderate,medium,cpu,small_model__moderate_data__medium_volume,0.02,32,adam,1e-05,he,225.21484375,64.22665405273438,-2370.126220703125,75.71315002441406,14.309999465942383,75.41501235961914,3.276081085205078,3.1661410331726074,3.4099576473236084,20.32662582397461,1351.2138671875,0.4201306849718094,0.4885345846414566
117,2026-09-01 12:38:00,test,138,full_training,3.5288445949554443,0.045790888369083405,138.0,1,0,0.1604621890000999,6.403139591217041,2,32,1249,2368,relu,none,0.0,none,19984,orthogonal,3.9428090254465737,2.9643869400024414,4,0.115,512,2.701568603515625,1.915854817495135,0.03861691761413829,0.0,,gaussian,cpu,cpu,8,,float32,none,small,moderate,medium,cpu,small_model__moderate_data__medium_volume,0.02,32,adam,1e-05,orthogonal,68.3827133178711,15.686290740966797,-165.99746704101562,85.00401306152344,15.533108711242676,1.5769739151000977,2.0692977905273438,1.9905411005020142,1.238237738609314,7.106342315673828,74.39741516113281,0.18329134583473206,0.08145269379019737
118,2026-09-01 12:38:01,train,139,full_training,2.054957151412964,0.04994931444525719,37.0,1,0,0.044502684992039576,3.6307997703552246,2,32,1185,2240,relu,none,0.0,none,18960,xavier,3.9327030579249063,2.911090850830078,2,0.288,512,1.9845118522644043,1.7616250160254694,0.03018507770969829,0.0,,gaussian,cpu,cpu,8,,float32,none,small,noisy,medium,cpu,small_model__noisy_data__medium_volume,0.02,32,adam,1e-05,xavier,58.31831359863281,9.703944206237793,-27.622037887573242,-108.6239013671875,6.903243064880371,8.064552879333496,1.8239716291427612,1.3762353658676147,1.2258614301681519,3.351715564727783,30.515300750732422,0.11709689348936081,0.054813651368021965
119,2026-09-01 12:38:01,train,139,full_training,1.378700852394104,0.048077501356601715,114.0,1,0,0.13383381301537156,2.934329032897949,2,32,1185,2240,relu,none,0.0,none,18960,he,5.592296163241069,2.8417537212371826,2,0.288,512,1.9845118522644043,1.7616250160254694,0.03018507770969829,0.0,,gaussian,cpu,cpu,8,,float32,none,small,noisy,medium,cpu,small_model__noisy_data__medium_volume,0.02,32,adam,1e-05,he,203.48391723632812,17.783672332763672,48.63825988769531,-108.6239013671875,6.903243064880371,180.86304664611816,1.8239716291427612,1.3762352466583252,3.573969602584839,4.656151294708252,167.6304168701172,0.3413931876420975,0.46591605246067047
120,2026-09-01 12:38:01,train,139,full_training,2.1642982959747314,0.04966355487704277,37.0,1,0,0.046289477992104366,3.818580389022827,2,32,1185,2240,relu,none,0.0,none,18960,orthogonal,3.666666487852732,3.0912060737609863,2,0.288,512,1.9845118522644043,1.7616250160254694,0.03018507770969829,0.0,,gaussian,cpu,cpu,8,,float32,none,small,noisy,medium,cpu,small_model__noisy_data__medium_volume,0.02,32,adam,1e-05,orthogonal,35.72531509399414,6.695357799530029,-22.360004425048828,-120.18435668945312,7.228226661682129,-9.602167892456055,1.400977611541748,1.3643802404403687,1.0868576765060425,2.671138286590576,16.84825897216797,0.10553738474845886,0.038258008658885956
121,2026-09-01 12:38:01,train,140,full_training,1.3225603103637695,0.04495451599359512,41.0,1,0,0.04789598801289685,4.680019855499268,2,32,1249,2368,relu,none,0.0,none,19984,xavier,4.106595436731975,2.8521344661712646,4,0.009,256,1.582497477531433,1.648440673733646,0.029356492902319203,0.0,,gaussian,cpu,cpu,8,,float32,none,small,clean,low,cpu,small_model__clean_data__low_volume,0.02,32,adam,1e-05,xavier,88.71050262451172,12.554582595825195,-136.74977111816406,74.9027099609375,14.0032320022583,36.48327445983887,3.366986036300659,3.4100892543792725,1.644171953201294,5.109025478363037,181.9252471923828,0.20420603454113007,0.12352589890360832
122,2026-09-01 12:38:01,train,140,full_training,2.2517271041870117,0.04370661824941635,45.0,1,0,0.05321678801556118,4.3406901359558105,2,32,1249,2368,relu,none,0.0,none,19984,he,5.400059739748637,2.908212184906006,4,0.009,256,1.582497477531433,1.648440673733646,0.029356492902319203,0.0,,gaussian,cpu,cpu,8,,float32,none,small,clean,low,cpu,small_model__clean_data__low_volume,0.02,32,adam,1e-05,he,225.21484375,48.96525192260742,-1826.921875,74.9027099609375,14.003229141235352,119.26217374801635,3.366986036300659,3.4100894927978516,3.4878151416778564,15.506597518920898,1279.0999755859375,0.4331863969564438,0.5558665096759796
123,2026-09-01 12:38:01,train,140,full_training,1.369280219078064,0.02785840816795826,57.0,1,0,0.07685578800737858,5.224262714385986,2,32,1249,2368,relu,none,0.0,none,19984,orthogonal,3.9428090254465737,2.9643869400024414,4,0.009,256,1.582497477531433,1.648440673733646,0.029356492902319203,0.0,,gaussian,cpu,cpu,8,,float32,none,small,clean,low,cpu,small_model__clean_data__low_volume,0.02,32,adam,1e-05,orthogonal,68.3827133178711,10.81207275390625,-73.80846405029297,81.43358612060547,15.073762893676758,23.062313270568847,2.0391476154327393,1.9465076923370361,1.2284526824951172,4.052886009216309,141.5739288330078,0.18663061410188675,0.09214991703629494
124,2026-09-01 12:38:02,train,141,full_training,11.593159675598145,0.04925113171339035,571.0,1,0,0.7247440550127067,10.566035270690918,2,32,1345,2560,relu,none,0.0,none,21520,xavier,4.824894110361735,2.6007485389709473,7,0.234,768,4.520341396331787,2.173232293781563,0.026753035899944128,0.0,,gaussian,cpu,cpu,8,,float32,none,small,moderate,high,cpu,small_model__moderate_data__high_volume,0.02,32,adam,1e-05,xavier,222.52198791503906,57.45792007446289,-2050.76123046875,114.03031158447266,17.359394073486328,129.1062110900879,615235.0,6.321896076202393,2.130213737487793,18.61888885498047,570.3653564453125,0.32183122634887695,0.2857022285461426
125,2026-09-01 12:38:03,train,141,full_training,16.777149200439453,0.042343221604824066,697.0,1,0,0.7020576729846653,11.076711654663086,2,32,1345,2560,relu,none,0.0,none,21520,he,6.084149400393168,3.0874176025390625,7,0.234,768,4.520341396331787,2.173232293781563,0.026753035899944128,0.0,,gaussian,cpu,cpu,8,,float32,none,small,moderate,high,cpu,small_model__moderate_data__high_volume,0.02,32,adam,1e-05,he,444.48486328125,161.94740295410156,-14000.7744140625,114.03031158447266,17.359394073486328,379.63798942565916,962202.375,6.321897983551025,3.555424928665161,44.01357650756836,3076.110107421875,0.5371510982513428,0.7958848476409912
126,2026-09-01 12:38:03,train,141,full_training,9.605825424194336,0.0482867956161499,569.0,1,0,0.48728917399421334,11.64314079284668,2,32,1345,2560,relu,none,0.0,none,21520,orthogonal,4.247219244639079,2.8800108432769775,7,0.234,768,4.520341396331787,2.173232293781563,0.026753035899944128,0.0,,gaussian,cpu,cpu,8,,float32,none,small,moderate,high,cpu,small_model__moderate_data__high_volume,0.02,32,adam,1e-05,orthogonal,111.43936157226562,26.100788116455078,-597.0052490234375,115.11943054199219,19.347469329833984,103.88866920471192,4.299910545349121,4.150774002075195,1.5260658264160156,11.020938873291016,193.5713653564453,0.2720613032579422,0.16683568060398102
127,2026-09-01 12:38:03,train,142,full_training,1.8194128274917603,0.04455598443746567,45.0,1,0,0.039193533011712134,4.897257328033447,2,32,1313,2496,relu,none,0.0,none,21008,xavier,4.628277778625488,2.699293613433838,6,0.208,768,2.0892856121063232,1.7873496307827879,0.01890228739658322,0.0,,gaussian,cpu,cpu,8,,float32,none,small,moderate,high,cpu,small_model__moderate_data__high_volume,0.02,32,adam,1e-05,xavier,180.12289428710938,10.533478736877441,-44.0404052734375,106.62181854248047,17.615964889526367,53.159508848190306,5.034432411193848,4.693536758422852,1.829906702041626,2.999577283859253,123.69417572021484,0.2998775839805603,0.2543323189020157
128,2026-09-01 12:38:03,train,142,full_training,1.970314621925354,0.04207180440425873,52.0,1,0,0.04322231898549944,4.650222301483154,2,32,1313,2496,relu,none,0.0,none,21008,he,5.945054133733113,3.1431682109832764,6,0.208,768,2.0892856121063232,1.7873496307827879,0.01890228739658322,0.0,,gaussian,cpu,cpu,8,,float32,none,small,moderate,high,cpu,small_model__moderate_data__high_volume,0.02,32,adam,1e-05,he,383.60638427734375,27.608182907104492,-264.2000732421875,106.62181854248047,17.61597442626953,140.55114059448243,5.034432411193848,4.69353723526001,3.256342649459839,6.623433589935303,649.53759765625,0.5336360484361649,0.8053857088088989
129,2026-09-01 12:38:03,train,142,full_training,2.464275598526001,0.04874753952026367,45.0,1,0,0.0382096900139004,5.419702529907227,2,32,1313,2496,relu,none,0.0,none,21008,orthogonal,4.154700259367625,2.899160146713257,6,0.208,768,2.0892856121063232,1.7873496307827879,0.01890228739658322,0.0,,gaussian,cpu,cpu,8,,float32,none,small,moderate,high,cpu,small_model__moderate_data__high_volume,0.02,32,adam,1e-05,orthogonal,108.75711059570312,7.362156391143799,-30.845239639282227,110.82412719726562,17.718503952026367,28.895751190185546,3.4181923866271973,3.2344553470611572,1.4229485988616943,2.6476757526397705,100.71131134033203,0.24651817232370377,0.15141792595386505
130,2026-09-01 12:38:04,train,143,full_training,3.963613271713257,0.04554417356848717,110.0,1,0,0.09723586798645556,6.303657531738281,2,32,1281,2432,relu,none,0.0,none,20496,xavier,4.337605396906535,2.741262674331665,5,0.255,256,1.9799648523330688,1.7604780798056487,0.04416890228808899,0.0,,gaussian,cpu,cpu,8,,float32,none,small,noisy,low,cpu,small_model__noisy_data__low_volume,0.02,32,adam,1e-05,xavier,116.72314453125,13.150585174560547,-118.99436950683594,103.45785522460938,16.219022750854492,67.7766502380371,4.015149116516113,3.8920557498931885,1.7573256492614746,3.9861159324645996,333.83099365234375,0.255312941968441,0.18572784960269928
131,2026-09-01 12:38:04,train,143,full_training,6.006402969360352,0.038892440497875214,113.0,1,0,0.11780815699603409,5.667515277862549,2,32,1281,2432,relu,none,0.0,none,20496,he,5.668473839759827,3.066263437271118,5,0.255,256,1.9799648523330688,1.7604780798056487,0.04416890228808899,0.0,,gaussian,cpu,cpu,8,,float32,none,small,noisy,low,cpu,small_model__noisy_data__low_volume,0.02,32,adam,1e-05,he,268.70367431640625,51.986324310302734,-1892.20849609375,103.45785522460938,16.219022750854492,218.57604522705077,4.015148639678955,3.8920562267303467,3.3802835941314697,14.341650009155273,1750.5596923828125,0.49110426008701324,0.6871930658817291
132,2026-09-01 12:38:04,train,143,full_training,3.837975025177002,0.045289941132068634,176.0,1,0,0.18661236800835468,6.60685396194458,2,32,1281,2432,relu,none,0.0,none,20496,orthogonal,4.054092566172282,2.926488161087036,5,0.255,256,1.9799648523330688,1.7604780798056487,0.04416890228808899,0.0,,gaussian,cpu,cpu,8,,float32,none,small,noisy,low,cpu,small_model__noisy_data__low_volume,0.02,32,adam,1e-05,orthogonal,84.57994079589844,6.71370267868042,-27.247692108154297,102.34671020507812,17.330955505371094,42.53336181640625,2.8248674869537354,2.789793014526367,1.2994168996810913,2.3460614681243896,276.4471435546875,0.2062496617436409,0.11233460158109665
133,2026-09-01 12:38:04,train,144,full_training,10.197870254516602,0.031845103949308395,180.0,1,0,0.17253334002452902,7.2999773025512695,2,32,1313,2496,relu,none,0.0,none,21008,xavier,4.628277778625488,2.699293613433838,6,0.011,256,7.941459655761719,2.4549870802554614,0.04330711433157657,0.0,,gaussian,cpu,cpu,8,,float32,none,small,clean,low,cpu,small_model__clean_data__low_volume,0.02,32,adam,1e-05,xavier,180.12289428710938,37.64654541015625,-807.9779663085938,107.97189331054688,17.735815048217773,143.03342819213867,4.932607650756836,4.833069324493408,1.8453869819641113,15.149529457092285,1447.4185791015625,0.29239875078201294,0.22524763643741608
134,2026-09-01 12:38:04,train,144,full_training,11.010977745056152,0.037342894822359085,183.0,1,0,0.16479267200338654,6.942847728729248,2,32,1313,2496,relu,none,0.0,none,21008,he,5.945054133733113,3.1431682109832764,6,0.011,256,7.941459655761719,2.4549870802554614,0.04330711433157657,0.0,,gaussian,cpu,cpu,8,,float32,none,small,clean,low,cpu,small_model__clean_data__low_volume,0.02,32,adam,1e-05,he,383.60638427734375,77.5983657836914,-2664.175048828125,107.97189331054688,17.735815048217773,268.71968536376954,4.932608127593994,4.833065509796143,3.28389048576355,26.55787467956543,4861.95751953125,0.5203273892402649,0.7132841348648071
135,2026-09-01 12:38:04,train,144,full_training,9.880966186523438,0.04555812105536461,140.0,1,0,0.12934876600047573,7.5075602531433105,2,32,1313,2496,relu,none,0.0,none,21008,orthogonal,4.154700259367625,2.899160146713257,6,0.011,256,7.941459655761719,2.4549870802554614,0.04330711433157657,0.0,,gaussian,cpu,cpu,8,,float32,none,small,clean,low,cpu,small_model__clean_data__low_volume,0.02,32,adam,1e-05,orthogonal,108.75711059570312,24.29110336303711,-500.72320556640625,114.1780014038086,17.73099136352539,48.39211883544922,3.576460838317871,3.4359946250915527,1.4526770114898682,12.084881782531738,947.6133422851562,0.24428953230381012,0.14154235273599625
136,2026-09-01 12:38:05,test,145,full_training,2.661433696746826,0.03460106626152992,53.0,1,0,0.05227278298116289,5.039094924926758,2,32,1281,2432,relu,none,0.0,none,20496,xavier,4.337605396906535,2.741262674331665,5,0.274,256,2.0790271759033203,1.7848885734111786,0.05433708929930849,0.0,,gaussian,cpu,cpu,8,,float32,none,small,noisy,low,cpu,small_model__noisy_data__low_volume,0.02,32,adam,1e-05,xavier,116.72314453125,12.588961601257324,-81.35828399658203,105.30982208251953,17.640405654907227,55.08091011047363,4.1466875076293945,3.656899929046631,1.7882943153381348,3.684596300125122,124.79460906982422,0.2425943836569786,0.16485080122947693
137,2026-09-01 12:38:05,test,145,full_training,5.481329917907715,0.04307141155004501,56.0,1,0,0.05787185099325143,4.924734115600586,2,32,1281,2432,relu,none,0.0,none,20496,he,5.668473839759827,3.066263437271118,5,0.274,256,2.0790271759033203,1.7848885734111786,0.05433708929930849,0.0,,gaussian,cpu,cpu,8,,float32,none,small,noisy,low,cpu,small_model__noisy_data__low_volume,0.02,32,adam,1e-05,he,268.70367431640625,41.021175384521484,-830.2125244140625,105.30982208251953,17.640405654907227,206.56972999572753,4.146687030792236,3.6568994522094727,3.4398529529571533,10.318581581115723,946.973388671875,0.4666396528482437,0.6099480092525482
138,2026-09-01 12:38:05,test,145,full_training,1.943957805633545,0.044032853096723557,23.0,1,0,0.022801570972660556,4.278299331665039,2,32,1281,2432,relu,none,0.0,none,20496,orthogonal,4.054092566172282,2.926488161087036,5,0.274,256,2.0790271759033203,1.7848885734111786,0.05433708929930849,0.0,,gaussian,cpu,cpu,8,,float32,none,small,noisy,low,cpu,small_model__noisy_data__low_volume,0.02,32,adam,1e-05,orthogonal,84.57994079589844,8.814136505126953,-40.15560531616211,103.59687042236328,17.239458084106445,46.66926803588867,2.7567152976989746,2.5142412185668945,1.3047685623168945,3.0007665157318115,60.060916900634766,0.19892054051160812,0.11028588563203812
139,2026-09-01 12:38:05,train,146,full_training,2.9298338890075684,0.04324686899781227,101.0,1,0,0.11301979300333187,5.948596954345703,2,32,1281,2432,relu,none,0.0,none,20496,xavier,4.337605396906535,2.741262674331665,5,0.042,512,1.987548589706421,1.762389540653943,0.03191961641623385,0.0,,gaussian,cpu,cpu,8,,float32,none,small,clean,medium,cpu,small_model__clean_data__medium_volume,0.02,32,adam,1e-05,xavier,116.72314453125,8.474159240722656,-35.789119720458984,105.14356994628906,16.777217864990234,49.21326522827148,4.282223224639893,3.718871593475342,1.7627325057983398,2.448354959487915,154.36033630371094,0.23371683806180954,0.15371211618185043
140,2026-09-01 12:38:05,train,146,full_training,4.890935897827148,0.04459182545542717,114.0,1,0,0.09664272001828067,5.893316268920898,2,32,1281,2432,relu,none,0.0,none,20496,he,5.668473839759827,3.066263437271118,5,0.042,512,1.987548589706421,1.762389540653943,0.03191961641623385,0.0,,gaussian,cpu,cpu,8,,float32,none,small,clean,medium,cpu,small_model__clean_data__medium_volume,0.02,32,adam,1e-05,he,268.70367431640625,32.07698440551758,-652.5993041992188,105.14356994628906,16.77721405029297,165.43367767333984,4.282223224639893,3.7188727855682373,3.390683889389038,8.19429874420166,885.2984619140625,0.4495633393526077,0.568734884262085
141,2026-09-01 12:38:05,train,146,full_training,2.570631742477417,0.0492134615778923,80.0,1,0,0.06985542000620626,5.901130199432373,2,32,1281,2432,relu,none,0.0,none,20496,orthogonal,4.054092566172282,2.926488161087036,5,0.042,512,1.987548589706421,1.762389540653943,0.03191961641623385,0.0,,gaussian,cpu,cpu,8,,float32,none,small,clean,medium,cpu,small_model__clean_data__medium_volume,0.02,32,adam,1e-05,orthogonal,84.57994079589844,5.226546287536621,-11.205924987792969,97.77421569824219,17.189910888671875,21.73266143798828,2.9747252464294434,2.703509569168091,1.2866722345352173,1.8208118677139282,80.51288604736328,0.19133102893829346,0.09815987572073936
142,2026-09-01 12:38:06,train,147,full_training,16.343820571899414,0.03729795292019844,627.0,1,0,0.5770513110037427,11.110603332519531,2,32,1345,2560,relu,none,0.0,none,21520,xavier,4.824894110361735,2.6007485389709473,7,0.193,768,5.637182712554932,2.283630744033783,0.030539984706128145,0.0,,gaussian,cpu,cpu,8,,float32,none,small,moderate,high,cpu,small_model__moderate_data__high_volume,0.02,32,adam,1e-05,xavier,222.52198791503906,68.93619537353516,-2837.70654296875,111.54004669189453,18.218097686767578,93.29796810150147,8.589146614074707,6.514504432678223,2.180358409881592,23.43551254272461,8946.71875,0.30109238624572754,0.25388631969690323
143,2026-09-01 12:38:06,train,147,full_training,24.148597717285156,0.12265872955322266,,0,0,0.717034417000832,11.235984802246094,2,32,1345,2560,relu,none,0.0,none,21520,he,6.084149400393168,3.0874176025390625,7,0.193,768,5.637182712554932,2.283630744033783,0.030539984706128145,0.0,,gaussian,cpu,cpu,8,,float32,none,small,moderate,high,cpu,small_model__moderate_data__high_volume,0.02,32,adam,1e-05,he,444.48486328125,178.49758911132812,-15864.234375,111.54004669189453,18.218097686767578,293.2377105712891,8.58914566040039,6.514504432678223,3.639118194580078,49.99153137207031,38134.2578125,0.5025370121002197,0.7072547972202301
144,2026-09-01 12:38:07,train,147,full_training,13.641425132751465,0.3602144122123718,,0,0,0.7061593779944815,12.073678016662598,2,32,1345,2560,relu,none,0.0,none,21520,orthogonal,4.247219244639079,2.8800108432769775,7,0.193,768,5.637182712554932,2.283630744033783,0.030539984706128145,0.0,,gaussian,cpu,cpu,8,,float32,none,small,moderate,high,cpu,small_model__moderate_data__high_volume,0.02,32,adam,1e-05,orthogonal,111.43936157226562,36.27937698364258,-1135.88720703125,118.97187042236328,19.107208251953125,75.9047981262207,4.370911121368408,3.988771438598633,1.5473411083221436,16.06509017944336,2325.211181640625,0.2582814320921898,0.15269438177347183
145,2026-09-01 12:38:07,train,148,full_training,3.359773635864258,0.04108678549528122,34.0,1,0,0.029367395996814594,4.539067268371582,2,32,1281,2432,relu,none,0.0,none,20496,xavier,4.337605396906535,2.741262674331665,5,0.211,256,2.089143753051758,1.7873156804530772,0.04544731209291231,0.0,,gaussian,cpu,cpu,8,,float32,none,small,moderate,low,cpu,small_model__moderate_data__low_volume,0.02,32,adam,1e-05,xavier,116.72314453125,14.97704792022705,-111.00869750976562,102.18260192871094,16.768680572509766,71.04960527420045,3.652928352355957,3.5049259662628174,1.784153699874878,4.424969673156738,119.93324279785156,0.24835962802171707,0.17610756307840347
146,2026-09-01 12:38:07,train,148,full_training,6.472242832183838,0.03988286480307579,31.0,1,0,0.027389412018237635,4.411185264587402,2,32,1281,2432,relu,none,0.0,none,20496,he,5.668473839759827,3.066263437271118,5,0.211,256,2.089143753051758,1.7873156804530772,0.04544731209291231,0.0,,gaussian,cpu,cpu,8,,float32,none,small,moderate,low,cpu,small_model__moderate_data__low_volume,0.02,32,adam,1e-05,he,268.70367431640625,47.79222106933594,-996.332275390625,102.18260192871094,16.768680572509766,213.86821422576904,3.652928113937378,3.504927635192871,3.4318883419036865,11.721076965332031,647.7848510742188,0.47772930562496185,0.6515980362892151
147,2026-09-01 12:38:07,train,148,full_training,2.2228646278381348,0.035973913967609406,32.0,1,0,0.03074569601449184,4.334848403930664,2,32,1281,2432,relu,none,0.0,none,20496,orthogonal,4.054092566172282,2.926488161087036,5,0.211,256,2.089143753051758,1.7873156804530772,0.04544731209291231,0.0,,gaussian,cpu,cpu,8,,float32,none,small,moderate,low,cpu,small_model__moderate_data__low_volume,0.02,32,adam,1e-05,orthogonal,84.57994079589844,8.30269718170166,-35.84613037109375,101.28544616699219,16.920764923095703,43.32901592254639,2.920132637023926,2.73815655708313,1.3553738594055176,2.883971691131592,72.95306396484375,0.20724446326494217,0.1112324483692646
148,2026-09-01 12:38:08,test,149,full_training,1.465378761291504,0.04910222813487053,105.0,1,0,0.08745515299960971,5.647306442260742,2,32,1249,2368,relu,none,0.0,none,19984,xavier,4.106595436731975,2.8521344661712646,4,0.029,768,1.7854562997817993,1.7087755395514963,0.032074862519119625,0.0,,gaussian,cpu,cpu,8,,float32,none,small,clean,high,cpu,small_model__clean_data__high_volume,0.02,32,adam,1e-05,xavier,88.71050262451172,11.91451644897461,-111.09676361083984,70.6820297241211,14.20761489868164,30.0517107963562,3.2932016849517822,3.2256927490234375,1.658132791519165,4.458474159240723,14.644660949707031,0.22607121616601944,0.1405188962817192
149,2026-09-01 12:38:08,test,149,full_training,2.756730794906616,0.046409156173467636,121.0,1,0,0.10746135798399337,5.0330939292907715,2,32,1249,2368,relu,none,0.0,none,19984,he,5.400059739748637,2.908212184906006,4,0.029,768,1.7854562997817993,1.7087755395514963,0.032074862519119625,0.0,,gaussian,cpu,cpu,8,,float32,none,small,clean,high,cpu,small_model__clean_data__high_volume,0.02,32,adam,1e-05,he,225.21484375,49.63500213623047,-1618.84375,70.6820297241211,14.20761489868164,105.23760681152343,3.2932019233703613,3.225691556930542,3.5174307823181152,14.20083236694336,78.88610076904297,0.4795694351196289,0.632334977388382
150,2026-09-01 12:38:08,test,149,full_training,1.418054461479187,0.036113858222961426,110.0,1,0,0.10213941297843121,5.731054306030273,2,32,1249,2368,relu,none,0.0,none,19984,orthogonal,3.9428090254465737,2.9643869400024414,4,0.029,768,1.7854562997817993,1.7087755395514963,0.032074862519119625,0.0,,gaussian,cpu,cpu,8,,float32,none,small,clean,high,cpu,small_model__clean_data__high_volume,0.02,32,adam,1e-05,orthogonal,68.3827133178711,9.845911026000977,-66.26886749267578,83.92422485351562,15.298197746276855,29.136458587646484,2.0441524982452393,2.009190559387207,1.2730985879898071,3.7435243129730225,9.058974266052246,0.20912858843803406,0.10737289115786552
151,2026-09-01 12:38:08,train,150,full_training,3.1691782474517822,0.04086075350642204,439.0,1,0,0.4539515369979199,10.59640121459961,2,32,1281,2432,relu,none,0.0,none,20496,xavier,4.337605396906535,2.741262674331665,5,0.269,384,5.7666754722595215,2.2949864031126115,0.025707514109675384,0.0,,gaussian,cpu,cpu,8,,float32,none,small,noisy,medium,cpu,small_model__noisy_data__medium_volume,0.02,32,adam,1e-05,xavier,116.72314453125,23.05868911743164,-138.03306579589844,99.99917602539062,16.3194580078125,63.246719932556154,4.377641677856445,3.9279181957244873,1.770925521850586,8.754953384399414,66.83612060546875,0.23614941537380219,0.14953644573688507
152,2026-09-01 12:38:09,train,150,full_training,2.946634531021118,0.04911230877041817,435.0,1,0,0.3570569239964243,10.38598918914795,2,32,1281,2432,relu,none,0.0,none,20496,he,5.668473839759827,3.066263437271118,5,0.269,384,5.7666754722595215,2.2949864031126115,0.025707514109675384,0.0,,gaussian,cpu,cpu,8,,float32,none,small,noisy,medium,cpu,small_model__noisy_data__medium_volume,0.02,32,adam,1e-05,he,268.70367431640625,38.13302993774414,-60.504302978515625,99.99917602539062,16.319461822509766,194.26873779296875,4.377641677856445,3.9279181957244873,3.406442880630493,11.239076614379883,286.1561584472656,0.45424245297908783,0.5532848685979843
153,2026-09-01 12:38:10,train,150,full_training,3.186363697052002,0.04271291196346283,798.0,1,0,0.7647002040175721,12.203535079956055,2,32,1281,2432,relu,none,0.0,none,20496,orthogonal,4.054092566172282,2.926488161087036,5,0.269,384,5.7666754722595215,2.2949864031126115,0.025707514109675384,0.0,,gaussian,cpu,cpu,8,,float32,none,small,noisy,medium,cpu,small_model__noisy_data__medium_volume,0.02,32,adam,1e-05,orthogonal,84.57994079589844,16.544099807739258,-135.0561981201172,102.52305603027344,16.64859390258789,14.976830863952637,2.932521104812622,2.816452741622925,1.2765496969223022,7.688626766204834,49.031864166259766,0.18779686093330383,0.09525689855217934
154,2026-09-01 12:38:10,test,151,full_training,2.8431713581085205,0.03542078658938408,60.0,1,0,0.053997813985915855,4.897095680236816,2,32,1281,2432,relu,none,0.0,none,20496,xavier,4.337605396906535,2.741262674331665,5,0.254,384,2.1873247623443604,1.8102781469037654,0.05695583727748549,0.0,,gaussian,cpu,cpu,8,,float32,none,small,noisy,medium,cpu,small_model__noisy_data__medium_volume,0.02,32,adam,1e-05,xavier,116.72314453125,21.30708122253418,-255.32028198242188,102.76763916015625,17.147958755493164,65.76738662719727,3.755764961242676,3.5749378204345703,1.7184334993362427,6.593169212341309,389.8481140136719,0.2475551888346672,0.1654917299747467
155,2026-09-01 12:38:10,test,151,full_training,5.662416458129883,0.0485127829015255,64.0,1,0,0.05946340301306918,4.907480716705322,2,32,1281,2432,relu,none,0.0,none,20496,he,5.668473839759827,3.066263437271118,5,0.254,384,2.1873247623443604,1.8102781469037654,0.05695583727748549,0.0,,gaussian,cpu,cpu,8,,float32,none,small,noisy,medium,cpu,small_model__noisy_data__medium_volume,0.02,32,adam,1e-05,he,268.70367431640625,69.7577133178711,-2307.279296875,102.76763916015625,17.147958755493164,215.41435165405272,3.755765438079834,3.5749378204345703,3.3054728507995605,17.800098419189453,2113.0615234375,0.47618192434310913,0.6123194396495819
156,2026-09-01 12:38:10,test,151,full_training,2.105600595474243,0.03823626786470413,25.0,1,0,0.02302695799153298,4.554931640625,2,32,1281,2432,relu,none,0.0,none,20496,orthogonal,4.054092566172282,2.926488161087036,5,0.254,384,2.1873247623443604,1.8102781469037654,0.05695583727748549,0.0,,gaussian,cpu,cpu,8,,float32,none,small,noisy,medium,cpu,small_model__noisy_data__medium_volume,0.02,32,adam,1e-05,orthogonal,84.57994079589844,9.440418243408203,-64.02778625488281,99.86125183105469,16.882797241210938,41.010518836975095,2.917375326156616,2.7352330684661865,1.3485628366470337,3.6441402435302734,139.1146697998047,0.20409611612558365,0.10742995142936707
157,2026-09-01 12:38:10,train,152,full_training,3.30159854888916,0.045085277408361435,202.0,1,0,0.20094089998747222,7.310276985168457,2,32,1345,2560,relu,none,0.0,none,21520,xavier,4.824894110361735,2.6007485389709473,7,0.188,768,2.0916221141815186,1.7879084812696677,0.031288678129056974,0.0,,gaussian,cpu,cpu,8,,float32,none,small,moderate,high,cpu,small_model__moderate_data__high_volume,0.02,32,adam,1e-05,xavier,222.52198791503906,33.677833557128906,-802.6962280273438,110.8281478881836,17.55970001220703,132.61436500549317,7.634315013885498,6.217329978942871,2.2434563636779785,9.978897094726562,49.75629806518555,0.32450200617313385,0.26640135049819946
158,2026-09-01 12:38:10,train,152,full_training,6.2374138832092285,0.04365033656358719,313.0,1,0,0.29388573800679296,7.368764877319336,2,32,1345,2560,relu,none,0.0,none,21520,he,6.084149400393168,3.0874176025390625,7,0.188,768,2.0916221141815186,1.7879084812696677,0.031288678129056974,0.0,,gaussian,cpu,cpu,8,,float32,none,small,moderate,high,cpu,small_model__moderate_data__high_volume,0.02,32,adam,1e-05,he,444.48486328125,116.90381622314453,-8126.00390625,110.8281478881836,17.55970001220703,379.15784912109376,7.63431453704834,6.217328071594238,3.744431495666504,29.97834587097168,384.2118225097656,0.5416087806224823,0.7421181201934814
159,2026-09-01 12:38:11,train,152,full_training,2.4608371257781982,0.03193545341491699,242.0,1,0,0.21732756498386152,7.999068260192871,2,32,1345,2560,relu,none,0.0,none,21520,orthogonal,4.247219244639079,2.8800108432769775,7,0.188,768,2.0916221141815186,1.7879084812696677,0.031288678129056974,0.0,,gaussian,cpu,cpu,8,,float32,none,small,moderate,high,cpu,small_model__moderate_data__high_volume,0.02,32,adam,1e-05,orthogonal,111.43936157226562,14.280567169189453,-231.23548889160156,110.66194915771484,18.46952247619629,92.55001411437988,4.681366443634033,4.045856952667236,1.5415135622024536,5.636046886444092,16.202476501464844,0.2815033495426178,0.17076271772384644
160,2026-09-01 12:38:11,test,153,full_training,2.9385576248168945,0.046073488891124725,181.0,1,0,0.1952510440023616,8.006634712219238,2,32,1313,2496,relu,none,0.0,none,21008,xavier,4.628277778625488,2.699293613433838,6,0.023,512,5.360464096069336,2.258463811415673,0.04245297794155128,0.0,,gaussian,cpu,cpu,8,,float32,none,small,clean,medium,cpu,small_model__clean_data__medium_volume,0.02,32,adam,1e-05,xavier,180.12289428710938,15.678152084350586,-112.15367889404297,105.853515625,17.608680725097656,69.54421749114991,5.242729187011719,4.848849296569824,1.8596010208129883,5.731879711151123,77.38025665283203,0.2677607834339142,0.20027516782283783
161,2026-09-01 12:38:11,test,153,full_training,2.670231580734253,0.03147533908486366,183.0,1,0,0.1717510389862582,7.41298770904541,2,32,1313,2496,relu,none,0.0,none,21008,he,5.945054133733113,3.1431682109832764,6,0.023,512,5.360464096069336,2.258463811415673,0.04245297794155128,0.0,,gaussian,cpu,cpu,8,,float32,none,small,clean,medium,cpu,small_model__clean_data__medium_volume,0.02,32,adam,1e-05,he,383.60638427734375,33.854278564453125,-465.0721435546875,105.853515625,17.608680725097656,144.21184768676758,5.242729187011719,4.848849773406982,3.3091843128204346,10.29909896850586,377.6671447753906,0.4764837920665741,0.63420470058918
162,2026-09-01 12:38:11,test,153,full_training,3.471386432647705,0.0403166264295578,195.0,1,0,0.17377353299525566,8.02045726776123,2,32,1313,2496,relu,none,0.0,none,21008,orthogonal,4.154700259367625,2.899160146713257,6,0.023,512,5.360464096069336,2.258463811415673,0.04245297794155128,0.0,,gaussian,cpu,cpu,8,,float32,none,small,clean,medium,cpu,small_model__clean_data__medium_volume,0.02,32,adam,1e-05,orthogonal,108.75711059570312,10.113329887390137,-70.04681396484375,110.58186340332031,17.77971076965332,38.075462341308594,3.5811047554016113,3.4601714611053467,1.4311068058013916,4.76061487197876,27.04376792907715,0.22496064007282257,0.12924472242593765
163,2026-09-01 12:38:11,train,154,full_training,1.8277093172073364,0.04191312566399574,50.0,1,0,0.0423697340011131,4.039470195770264,2,32,1217,2304,relu,none,0.0,none,19472,xavier,3.998493274052938,2.7725577354431152,3,0.247,768,1.9414714574813843,1.7506616176096832,0.04954283625068248,0.0,,gaussian,cpu,cpu,8,,float32,none,small,moderate,high,cpu,small_model__moderate_data__high_volume,0.02,32,adam,1e-05,xavier,85.53611755371094,8.338560104370117,-23.807571411132812,61.21796798706055,12.554750442504883,44.774135208129884,2.391050100326538,2.293463706970215,1.3348004817962646,2.6461713314056396,18.612075805664062,0.14997245371341705,0.0598438885062933
164,2026-09-01 12:38:11,train,154,full_training,1.3723626136779785,0.045044735074043274,50.0,1,0,0.04619421297684312,3.2140018939971924,2,32,1217,2304,relu,none,0.0,none,19472,he,5.3281480471293134,2.563436269760132,3,0.247,768,1.9414714574813843,1.7506616176096832,0.04954283625068248,0.0,,gaussian,cpu,cpu,8,,float32,none,small,moderate,high,cpu,small_model__moderate_data__high_volume,0.02,32,adam,1e-05,he,247.24282836914062,23.781370162963867,-134.47088623046875,61.21796798706055,12.554754257202148,173.20729370117186,2.391050338745117,2.2934634685516357,3.2238497734069824,5.495362281799316,131.77450561523438,0.36221788823604584,0.3490894138813019
165,2026-09-01 12:38:11,train,154,full_training,2.1817703247070312,0.04616163298487663,51.0,1,0,0.046668780996697024,4.732674598693848,2,32,1217,2304,relu,none,0.0,none,19472,orthogonal,3.8164965311686196,3.016789674758911,3,0.247,768,1.9414714574813843,1.7506616176096832,0.04954283625068248,0.0,,gaussian,cpu,cpu,8,,float32,none,small,moderate,high,cpu,small_model__moderate_data__high_volume,0.02,32,adam,1e-05,orthogonal,53.49358367919922,7.886937141418457,-37.09123611450195,56.907196044921875,12.746097564697266,36.03996906280518,1.7691421508789062,1.6305588483810425,1.2130820751190186,2.9600813388824463,18.847787857055664,0.15472687035799026,0.05376076325774193
166,2026-09-01 12:38:12,train,155,full_training,3.0008156299591064,0.04462108388543129,153.0,1,0,0.13401144900126383,6.179779052734375,2,32,1377,2624,relu,none,0.0,none,22032,xavier,4.944721817970276,2.613090753555298,8,0.151,512,2.0055811405181885,1.7669054654078629,0.0363480963564886,0.0,,gaussian,cpu,cpu,8,,float32,none,small,moderate,medium,cpu,small_model__moderate_data__medium_volume,0.02,32,adam,1e-05,xavier,284.1978759765625,32.273521423339844,-658.5623779296875,105.4996566772461,16.122234344482422,56.9888355255127,18.192668914794922,13.964096069335938,2.437985420227051,10.370165824890137,378.0404052734375,0.3463766723871231,0.37175220251083374
167,2026-09-01 12:38:12,train,155,full_training,4.357365131378174,0.04748934134840965,122.0,1,0,0.11536391099798493,5.732733249664307,2,32,1377,2624,relu,none,0.0,none,22032,he,6.131039500236511,3.138056993484497,8,0.151,512,2.0055811405181885,1.7669054654078629,0.0363480963564886,0.0,,gaussian,cpu,cpu,8,,float32,none,small,moderate,medium,cpu,small_model__moderate_data__medium_volume,0.02,32,adam,1e-05,he,537.7823486328125,81.4224853515625,-3736.0361328125,105.4996566772461,16.122238159179688,145.65030002593994,18.19267463684082,13.964096069335938,3.854793071746826,22.741744995117188,2026.9962158203125,0.5476695895195007,0.9293805062770844
168,2026-09-01 12:38:12,train,155,full_training,2.6785929203033447,0.03983354568481445,99.0,1,0,0.09146127398707904,6.3487935066223145,2,32,1377,2624,relu,none,0.0,none,22032,orthogonal,4.333333333333333,2.8674416542053223,8,0.151,512,2.0055811405181885,1.7669054654078629,0.0363480963564886,0.0,,gaussian,cpu,cpu,8,,float32,none,small,moderate,medium,cpu,small_model__moderate_data__medium_volume,0.02,32,adam,1e-05,orthogonal,140.87918090820312,13.386308670043945,-157.56344604492188,120.30387878417969,18.753881454467773,69.41588516235352,585514.125,6.6065897941589355,1.5081181526184082,5.555734157562256,81.54637145996094,0.2737739086151123,0.19315393269062042
169,2026-09-01 12:38:12,train,156,full_training,10.015695571899414,0.044457316398620605,215.0,1,0,0.20827366801677272,7.563621997833252,2,32,1313,2496,relu,none,0.0,none,21008,xavier,4.628277778625488,2.699293613433838,6,0.125,384,5.089694976806641,2.2325474846024767,0.051328769241736606,0.0,,gaussian,cpu,cpu,8,,float32,none,small,moderate,medium,cpu,small_model__moderate_data__medium_volume,0.02,32,adam,1e-05,xavier,180.12289428710938,15.7640380859375,-86.38978576660156,103.07819366455078,18.190732955932617,64.45324735641479,5.115625858306885,4.7137322425842285,1.849698781967163,5.778683185577393,81.64673614501953,0.27270034700632095,0.20349837839603424
170,2026-09-01 12:38:12,train,156,full_training,10.21461296081543,0.0495772548019886,135.0,1,0,0.1290241859969683,6.462638854980469,2,32,1313,2496,relu,none,0.0,none,21008,he,5.945054133733113,3.1431682109832764,6,0.125,384,5.089694976806641,2.2325474846024767,0.051328769241736606,0.0,,gaussian,cpu,cpu,8,,float32,none,small,moderate,medium,cpu,small_model__moderate_data__medium_volume,0.02,32,adam,1e-05,he,383.60638427734375,29.389530181884766,-210.505615234375,103.07819366455078,18.190736770629883,121.95062255859375,5.115626335144043,4.7137322425842285,3.2915632724761963,8.834531784057617,258.22747802734375,0.4852738380432129,0.644411563873291
171,2026-09-01 12:38:13,train,156,full_training,10.508157730102539,0.04188380390405655,227.0,1,0,0.21691508300136775,7.6929030418396,2,32,1313,2496,relu,none,0.0,none,21008,orthogonal,4.154700259367625,2.899160146713257,6,0.125,384,5.089694976806641,2.2325474846024767,0.051328769241736606,0.0,,gaussian,cpu,cpu,8,,float32,none,small,moderate,medium,cpu,small_model__moderate_data__medium_volume,0.02,32,adam,1e-05,orthogonal,108.75711059570312,10.537919044494629,-75.22299194335938,110.83893585205078,17.958711624145508,40.26592788696289,3.728501558303833,3.30434513092041,1.3988813161849976,5.190672874450684,35.970802307128906,0.23271014541387558,0.1412004828453064
172,2026-09-01 12:38:13,train,157,full_training,3.4205427169799805,0.04363776370882988,25.0,1,0,0.029131332994438708,4.454873561859131,2,32,1313,2496,relu,none,0.0,none,21008,xavier,4.628277778625488,2.699293613433838,6,0.147,384,1.937016487121582,1.7495129812383245,0.03847856388929193,0.0,,gaussian,cpu,cpu,8,,float32,none,small,moderate,medium,cpu,small_model__moderate_data__medium_volume,0.02,32,adam,1e-05,xavier,180.12289428710938,10.703716278076172,-25.832778930664062,97.30474853515625,17.567569732666016,32.27972526550293,4.932051181793213,4.501696586608887,1.9333887100219727,2.684889554977417,59.33509826660156,0.290645956993103,0.22179971635341644
173,2026-09-01 12:38:13,train,157,full_training,3.6615169048309326,0.040274348109960556,39.0,1,0,0.03545113201835193,4.356649875640869,2,32,1313,2496,relu,none,0.0,none,21008,he,5.945054133733113,3.1431682109832764,6,0.147,384,1.937016487121582,1.7495129812383245,0.03847856388929193,0.0,,gaussian,cpu,cpu,8,,float32,none,small,moderate,medium,cpu,small_model__moderate_data__medium_volume,0.02,32,adam,1e-05,he,383.60638427734375,22.87394905090332,-116.2648696899414,97.30474853515625,17.567569732666016,96.02760276794433,4.932051658630371,4.501696586608887,3.44049072265625,4.9448418617248535,135.8088836669922,0.5172083079814911,0.7023657560348511
174,2026-09-01 12:38:13,train,157,full_training,3.879643201828003,0.03261442109942436,34.0,1,0,0.034705783997196704,4.843467712402344,2,32,1313,2496,relu,none,0.0,none,21008,orthogonal,4.154700259367625,2.899160146713257,6,0.147,384,1.937016487121582,1.7495129812383245,0.03847856388929193,0.0,,gaussian,cpu,cpu,8,,float32,none,small,moderate,medium,cpu,small_model__moderate_data__medium_volume,0.02,32,adam,1e-05,orthogonal,108.75711059570312,8.746590614318848,-41.16191101074219,111.03559112548828,17.86157989501953,24.79641275405884,3.54164457321167,3.2540900707244873,1.466328740119934,3.059195041656494,47.85268783569336,0.23615358769893646,0.13239923864603043
175,2026-09-01 12:38:13,train,158,full_training,3.0886950492858887,0.0460149422287941,171.0,1,0,0.1496932489972096,6.691392421722412,2,32,1281,2432,relu,none,0.0,none,20496,xavier,4.337605396906535,2.741262674331665,5,0.28,256,2.3534529209136963,1.8468803221037817,0.06596648722031194,0.0,,gaussian,cpu,cpu,8,,float32,none,small,noisy,low,cpu,small_model__noisy_data__low_volume,0.02,32,adam,1e-05,xavier,116.72314453125,16.145265579223633,-64.56817626953125,106.93998718261719,16.453014373779297,67.33059539794922,3.7793242931365967,3.4048187732696533,1.7197439670562744,5.053656578063965,258.9392395019531,0.25604701042175293,0.19308914989233017
176,2026-09-01 12:38:13,train,158,full_training,3.9004809856414795,0.04798741638660431,138.0,1,0,0.13678960499237292,6.03019380569458,2,32,1281,2432,relu,none,0.0,none,20496,he,5.668473839759827,3.066263437271118,5,0.28,256,2.3534529209136963,1.8468803221037817,0.06596648722031194,0.0,,gaussian,cpu,cpu,8,,float32,none,small,noisy,low,cpu,small_model__noisy_data__low_volume,0.02,32,adam,1e-05,he,268.70367431640625,36.1525993347168,-412.42572021484375,106.93998718261719,16.453014373779297,219.54820098876954,3.779324531555176,3.404819965362549,3.3079936504364014,8.91065788269043,950.2645263671875,0.49251626431941986,0.7144298851490021
177,2026-09-01 12:38:13,train,158,full_training,3.1458635330200195,0.044017206877470016,127.0,1,0,0.12211937201209366,6.5661725997924805,2,32,1281,2432,relu,none,0.0,none,20496,orthogonal,4.054092566172282,2.926488161087036,5,0.28,256,2.3534529209136963,1.8468803221037817,0.06596648722031194,0.0,,gaussian,cpu,cpu,8,,float32,none,small,noisy,low,cpu,small_model__noisy_data__low_volume,0.02,32,adam,1e-05,orthogonal,84.57994079589844,12.11346435546875,-60.21919250488281,106.41659545898438,16.681180953979492,41.35838661193848,2.97395396232605,2.602647542953491,1.3521497249603271,4.8559441566467285,132.3744354248047,0.21494077891111374,0.12490954995155334
178,2026-09-01 12:38:14,train,159,full_training,6.116730690002441,0.04818547144532204,270.0,1,0,0.27088270999956876,7.497267723083496,2,32,1313,2496,relu,none,0.0,none,21008,xavier,4.628277778625488,2.699293613433838,6,0.051,768,3.9072821140289307,2.1003595436015274,0.025997479545347556,0.0,,gaussian,cpu,cpu,8,,float32,none,small,clean,high,cpu,small_model__clean_data__high_volume,0.02,32,adam,1e-05,xavier,180.12289428710938,24.304244995117188,-295.0373229980469,104.28565979003906,17.439579010009766,90.46367998123169,5.192214488983154,4.942931652069092,1.84181809425354,9.213326454162598,465.32330322265625,0.26720574498176575,0.18813884258270264
179,2026-09-01 12:38:14,train,159,full_training,6.503289222717285,0.04622635617852211,252.0,1,0,0.23065929400036111,7.887621879577637,2,32,1313,2496,relu,none,0.0,none,21008,he,5.945054133733113,3.1431682109832764,6,0.051,768,3.9072821140289307,2.1003595436015274,0.025997479545347556,0.0,,gaussian,cpu,cpu,8,,float32,none,small,clean,high,cpu,small_model__clean_data__high_volume,0.02,32,adam,1e-05,he,383.60638427734375,51.58149337768555,-1100.693359375,104.28565979003906,17.43958282470703,181.56092834472656,5.192214012145996,4.942932605743408,3.2775392532348633,16.463598251342773,1667.6416015625,0.4754961431026459,0.5957730114459991
180,2026-09-01 12:38:15,train,159,full_training,6.1639790534973145,0.048417381942272186,233.0,1,0,0.2101101519947406,8.029311180114746,2,32,1313,2496,relu,none,0.0,none,21008,orthogonal,4.154700259367625,2.899160146713257,6,0.051,768,3.9072821140289307,2.1003595436015274,0.025997479545347556,0.0,,gaussian,cpu,cpu,8,,float32,none,small,clean,high,cpu,small_model__clean_data__high_volume,0.02,32,adam,1e-05,orthogonal,108.75711059570312,15.43431282043457,-165.561279296875,113.91739654541016,18.361042022705078,41.394691181182864,3.475106716156006,3.3173933029174805,1.4416230916976929,7.261659622192383,284.30108642578125,0.21884991973638535,0.11907446384429932
181,2026-09-01 12:38:15,train,160,full_training,1.3172672986984253,0.03940076008439064,11.0,1,0,0.011633205984253436,2.8101186752319336,2,32,1185,2240,relu,none,0.0,none,18960,xavier,3.9327030579249063,2.911090850830078,2,0.151,768,1.9119716882705688,1.7430060367695273,0.04190430702624711,0.0,,gaussian,cpu,cpu,8,,float32,none,small,moderate,high,cpu,small_model__moderate_data__high_volume,0.02,32,adam,1e-05,xavier,58.31831359863281,10.726508140563965,-43.54032516479492,-127.6308822631836,7.193318843841553,34.31532368659973,1.8372187614440918,1.3729814291000366,1.2534584999084473,3.689239978790283,52.51803970336914,0.12683414295315742,0.060209861025214195
182,2026-09-01 12:38:15,train,160,full_training,0.6676765084266663,0.04125934839248657,12.0,1,0,0.009235776000423357,1.7921947240829468,2,32,1185,2240,relu,none,0.0,none,18960,he,5.592296163241069,2.8417537212371826,2,0.151,768,1.9119716882705688,1.7430060367695273,0.04190430702624711,0.0,,gaussian,cpu,cpu,8,,float32,none,small,moderate,high,cpu,small_model__moderate_data__high_volume,0.02,32,adam,1e-05,he,203.48391723632812,25.32087516784668,-158.87530517578125,-127.6308822631836,7.193317890167236,278.59488067626955,1.8372188806533813,1.372981309890747,3.654428005218506,7.94495964050293,115.19757080078125,0.3697819113731384,0.5117838382720947
183,2026-09-01 12:38:15,train,160,full_training,1.4997835159301758,0.0424429327249527,10.0,1,0,0.008450152992736548,2.8250701427459717,2,32,1185,2240,relu,none,0.0,none,18960,orthogonal,3.666666487852732,3.0912060737609863,2,0.151,768,1.9119716882705688,1.7430060367695273,0.04190430702624711,0.0,,gaussian,cpu,cpu,8,,float32,none,small,moderate,high,cpu,small_model__moderate_data__high_volume,0.02,32,adam,1e-05,orthogonal,35.72531509399414,7.276219844818115,-20.521394729614258,-157.03414916992188,7.520898818969727,8.240320110321045,1.3892241716384888,1.3276761770248413,1.0979763269424438,2.5115699768066406,32.78267288208008,0.11385276168584824,0.043046336621046066
184,2026-09-01 12:38:15,test,161,full_training,2.4491076469421387,0.046785879880189896,103.0,1,0,0.08374087198171765,5.793534278869629,2,32,1377,2624,relu,none,0.0,none,22032,xavier,4.944721817970276,2.613090753555298,8,0.061,384,2.110989809036255,1.792517003855589,0.024624770070400034,0.0,,gaussian,cpu,cpu,8,,float32,none,small,clean,medium,cpu,small_model__clean_data__medium_volume,0.02,32,adam,1e-05,xavier,284.1978759765625,26.413860321044922,-444.77899169921875,105.21800994873047,17.1619873046875,53.502722549438474,21.746444702148438,13.88948917388916,2.369971513748169,8.156558990478516,654.4203491210938,0.33317652344703674,0.32125040888786316
185,2026-09-01 12:38:15,test,161,full_training,4.1138834953308105,0.04782229661941528,113.0,1,0,0.09518665299401619,5.679691314697266,2,32,1377,2624,relu,none,0.0,none,22032,he,6.131039500236511,3.138056993484497,8,0.061,384,2.110989809036255,1.792517003855589,0.024624770070400034,0.0,,gaussian,cpu,cpu,8,,float32,none,small,clean,medium,cpu,small_model__clean_data__medium_volume,0.02,32,adam,1e-05,he,537.7823486328125,72.61962890625,-2941.9052734375,105.21800994873047,17.1619873046875,129.25501708984376,21.746456146240234,13.889495849609375,3.747253894805908,19.31227684020996,2873.228515625,0.5267983824014664,0.8031260371208191
186,2026-09-01 12:38:15,test,161,full_training,1.8101853132247925,0.04841670021414757,119.0,1,0,0.1215985169983469,6.429924011230469,2,32,1377,2624,relu,none,0.0,none,22032,orthogonal,4.333333333333333,2.8674416542053223,8,0.061,384,2.110989809036255,1.792517003855589,0.024624770070400034,0.0,,gaussian,cpu,cpu,8,,float32,none,small,clean,medium,cpu,small_model__clean_data__medium_volume,0.02,32,adam,1e-05,orthogonal,140.87918090820312,12.150527000427246,-134.498291015625,120.38902282714844,18.859512329101562,62.90615983009339,475134.75,5.743651866912842,1.5437811613082886,4.703211784362793,206.08128356933594,0.27685922384262085,0.18004848808050156
187,2026-09-01 12:38:16,test,162,full_training,8.400647163391113,0.04854770749807358,156.0,1,0,0.14612788701197132,7.2940473556518555,2,32,1217,2304,relu,none,0.0,none,19472,xavier,3.998493274052938,2.7725577354431152,3,0.207,384,7.282583713531494,2.4116813856793415,0.031440887012163125,0.0,,gaussian,cpu,cpu,8,,float32,none,small,moderate,medium,cpu,small_model__moderate_data__medium_volume,0.02,32,adam,1e-05,xavier,85.53611755371094,24.40395164489746,-232.27914428710938,62.634464263916016,12.381629943847656,9.716925716400146,2.431025505065918,2.3298768997192383,1.284510850906372,8.786701202392578,14.210639953613281,0.13634506613016129,0.05944197438657284
188,2026-09-01 12:38:16,test,162,full_training,7.330038547515869,0.04133189842104912,254.0,1,0,0.2948293210065458,8.210528373718262,2,32,1217,2304,relu,none,0.0,none,19472,he,5.3281480471293134,2.563436269760132,3,0.207,384,7.282583713531494,2.4116813856793415,0.031440887012163125,0.0,,gaussian,cpu,cpu,8,,float32,none,small,moderate,medium,cpu,small_model__moderate_data__medium_volume,0.02,32,adam,1e-05,he,247.24282836914062,64.43778228759766,-862.050048828125,62.634464263916016,12.381629943847656,114.13044815063476,2.431025743484497,2.3298771381378174,3.102388620376587,17.178791046142578,90.3271713256836,0.32930462062358856,0.3467448949813843
189,2026-09-01 12:38:16,test,162,full_training,7.407881736755371,0.04597727581858635,220.0,1,0,0.2500878600112628,8.910252571105957,2,32,1217,2304,relu,none,0.0,none,19472,orthogonal,3.8164965311686196,3.016789674758911,3,0.207,384,7.282583713531494,2.4116813856793415,0.031440887012163125,0.0,,gaussian,cpu,cpu,8,,float32,none,small,moderate,medium,cpu,small_model__moderate_data__medium_volume,0.02,32,adam,1e-05,orthogonal,53.49358367919922,16.53491973876953,-120.56941223144531,41.18281936645508,12.268982887268066,-2.4485166549682615,1.8003888130187988,1.7061128616333008,1.184262752532959,7.082163333892822,8.496319770812988,0.1434602290391922,0.05750986933708191
190,2026-09-01 12:38:16,train,163,full_training,3.3182156085968018,0.04087015986442566,41.0,1,0,0.04806290799751878,4.7425971031188965,2,32,1313,2496,relu,none,0.0,none,21008,xavier,4.628277778625488,2.699293613433838,6,0.186,384,2.070084810256958,1.782733321992978,0.05030218130150013,0.0,,gaussian,cpu,cpu,8,,float32,none,small,moderate,medium,cpu,small_model__moderate_data__medium_volume,0.02,32,adam,1e-05,xavier,180.12289428710938,9.516757011413574,-29.34490966796875,103.62627410888672,17.1733341217041,37.376445579528806,4.87275505065918,4.451162815093994,1.8568705320358276,2.679673194885254,53.73515701293945,0.2742049992084503,0.21006321907043457
191,2026-09-01 12:38:17,train,163,full_training,3.9881834983825684,0.036024369299411774,53.0,1,0,0.08387020099326037,4.469966411590576,2,32,1313,2496,relu,none,0.0,none,21008,he,5.945054133733113,3.1431682109832764,6,0.186,384,2.070084810256958,1.782733321992978,0.05030218130150013,0.0,,gaussian,cpu,cpu,8,,float32,none,small,moderate,medium,cpu,small_model__moderate_data__medium_volume,0.02,32,adam,1e-05,he,383.60638427734375,21.50652503967285,-136.07969665527344,103.62627410888672,17.173337936401367,93.03776836395264,4.8727545738220215,4.451162338256836,3.304325580596924,5.166775226593018,193.88661193847656,0.4879513680934906,0.6652001440525055
192,2026-09-01 12:38:17,train,163,full_training,3.684065580368042,0.045431721955537796,43.0,1,0,0.05301706798491068,5.161031246185303,2,32,1313,2496,relu,none,0.0,none,21008,orthogonal,4.154700259367625,2.899160146713257,6,0.186,384,2.070084810256958,1.782733321992978,0.05030218130150013,0.0,,gaussian,cpu,cpu,8,,float32,none,small,moderate,medium,cpu,small_model__moderate_data__medium_volume,0.02,32,adam,1e-05,orthogonal,108.75711059570312,7.069571018218994,-32.91682434082031,110.6462173461914,17.832590103149414,19.06405849456787,3.7737135887145996,3.469855308532715,1.4343867301940918,2.736359119415283,41.177982330322266,0.22817137092351913,0.128729410469532
193,2026-09-01 12:38:17,test,164,full_training,1.1487032175064087,0.03853839635848999,168.0,1,0,0.24752051598625258,6.519136905670166,2,32,1249,2368,relu,none,0.0,none,19984,xavier,4.106595436731975,2.8521344661712646,4,0.222,512,1.8284817934036255,1.7206815339228647,0.04223438853790895,0.0,,gaussian,cpu,cpu,8,,float32,none,small,moderate,medium,cpu,small_model__moderate_data__medium_volume,0.02,32,adam,1e-05,xavier,88.71050262451172,11.12562370300293,-67.08004760742188,72.43199157714844,14.115793228149414,23.135344886779784,3.478071928024292,3.2531394958496094,1.645613193511963,4.092552661895752,14.610482215881348,0.20686576515436172,0.11842725425958633
194,2026-09-01 12:38:17,test,164,full_training,1.6009396314620972,0.0490834005177021,273.0,1,0,0.2953088349895552,7.139142990112305,2,32,1249,2368,relu,none,0.0,none,19984,he,5.400059739748637,2.908212184906006,4,0.222,512,1.8284817934036255,1.7206815339228647,0.04223438853790895,0.0,,gaussian,cpu,cpu,8,,float32,none,small,moderate,medium,cpu,small_model__moderate_data__medium_volume,0.02,32,adam,1e-05,he,225.21484375,35.76248550415039,-565.08544921875,72.43199157714844,14.11579704284668,88.9786605834961,3.478071928024292,3.253138542175293,3.490872621536255,9.563307762145996,223.3190460205078,0.4388285428285599,0.5329225957393646
195,2026-09-01 12:38:17,test,164,full_training,1.286055564880371,0.04894228279590607,114.0,1,0,0.11329415900399908,6.167369365692139,2,32,1249,2368,relu,none,0.0,none,19984,orthogonal,3.9428090254465737,2.9643869400024414,4,0.222,512,1.8284817934036255,1.7206815339228647,0.04223438853790895,0.0,,gaussian,cpu,cpu,8,,float32,none,small,moderate,medium,cpu,small_model__moderate_data__medium_volume,0.02,32,adam,1e-05,orthogonal,68.3827133178711,9.791177749633789,-53.0936279296875,89.9836196899414,15.758002281188965,21.343984603881836,2.0417063236236572,2.019899845123291,1.2359243631362915,3.7712666988372803,18.78851318359375,0.1904589757323265,0.08499205484986305
196,2026-09-01 12:38:18,test,165,full_training,2.60453462600708,0.04990873113274574,71.0,1,0,0.08545351700740866,5.00571346282959,2,32,1217,2304,relu,none,0.0,none,19472,xavier,3.998493274052938,2.7725577354431152,3,0.019,768,3.5233280658721924,2.0486415413000905,0.026317171110334676,0.0,,gaussian,cpu,cpu,8,,float32,none,small,clean,high,cpu,small_model__clean_data__high_volume,0.02,32,adam,1e-05,xavier,85.53611755371094,30.073808670043945,-442.373291015625,55.90177917480469,12.360410690307617,16.04090576171875,2.2891018390655518,2.1545510292053223,1.3165172338485718,11.51730728149414,976.2850952148438,0.1546841263771057,0.07142193987965584
197,2026-09-01 12:38:18,test,165,full_training,2.2367806434631348,0.039194852113723755,130.0,1,0,0.126078493980458,4.672606945037842,2,32,1217,2304,relu,none,0.0,none,19472,he,5.3281480471293134,2.563436269760132,3,0.019,768,3.5233280658721924,2.0486415413000905,0.026317171110334676,0.0,,gaussian,cpu,cpu,8,,float32,none,small,clean,high,cpu,small_model__clean_data__high_volume,0.02,32,adam,1e-05,he,247.24282836914062,84.67453002929688,-2252.42431640625,55.90177917480469,12.360413551330566,114.20962800979615,2.2891016006469727,2.154550552368164,3.1796913146972656,24.889074325561523,5688.99462890625,0.3735976815223694,0.41662804782390594
198,2026-09-01 12:38:18,test,165,full_training,2.122404098510742,0.04594876617193222,71.0,1,0,0.06781621102709323,5.7310471534729,2,32,1217,2304,relu,none,0.0,none,19472,orthogonal,3.8164965311686196,3.016789674758911,3,0.019,768,3.5233280658721924,2.0486415413000905,0.026317171110334676,0.0,,gaussian,cpu,cpu,8,,float32,none,small,clean,high,cpu,small_model__clean_data__high_volume,0.02,32,adam,1e-05,orthogonal,53.49358367919922,20.41317367553711,-211.2948760986328,53.3941535949707,12.21140193939209,0.5817344665527344,1.7478235960006714,1.6841565370559692,1.2273588180541992,8.895004272460938,591.63671875,0.16547783464193344,0.06632553786039352
199,2026-09-01 12:38:18,train,166,full_training,1.5887689590454102,0.044924698770046234,19.0,1,0,0.017277599981753156,3.3813838958740234,2,32,1217,2304,relu,none,0.0,none,19472,xavier,3.998493274052938,2.7725577354431152,3,0.19,768,2.1640102863311768,1.8049200903850364,0.04022469535062256,0.0,,gaussian,cpu,cpu,8,,float32,none,small,moderate,high,cpu,small_model__moderate_data__high_volume,0.02,32,adam,1e-05,xavier,85.53611755371094,10.393619537353516,-35.93381881713867,55.00910949707031,12.666581153869629,36.64629020690918,2.3976807594299316,2.2911810874938965,1.33780837059021,3.326786518096924,90.20248413085938,0.1550178825855255,0.06541099771857262
200,2026-09-01 12:38:18,train,166,full_training,1.0813218355178833,0.04865060746669769,26.0,1,0,0.025488346000202,2.766218662261963,2,32,1217,2304,relu,none,0.0,none,19472,he,5.3281480471293134,2.563436269760132,3,0.19,768,2.1640102863311768,1.8049200903850364,0.04022469535062256,0.0,,gaussian,cpu,cpu,8,,float32,none,small,moderate,high,cpu,small_model__moderate_data__high_volume,0.02,32,adam,1e-05,he,247.24282836914062,24.42182731628418,-68.35438537597656,55.00910949707031,12.666584014892578,161.49204711914064,2.3976809978485107,2.2911808490753174,3.231114149093628,5.698054790496826,255.51068115234375,0.3744037598371506,0.3815642148256302
201,2026-09-01 12:38:18,train,166,full_training,1.9505348205566406,0.046624425798654556,12.0,1,0,0.010059246007585898,3.4043421745300293,2,32,1217,2304,relu,none,0.0,none,19472,orthogonal,3.8164965311686196,3.016789674758911,3,0.19,768,2.1640102863311768,1.8049200903850364,0.04022469535062256,0.0,,gaussian,cpu,cpu,8,,float32,none,small,moderate,high,cpu,small_model__moderate_data__high_volume,0.02,32,adam,1e-05,orthogonal,53.49358367919922,10.868931770324707,-39.675106048583984,49.029136657714844,12.3374605178833,29.504578399658204,1.8352817296981812,1.7306913137435913,1.2219510078430176,3.3154172897338867,86.04273223876953,0.16619419306516647,0.06524237990379333
202,2026-09-01 12:38:18,test,167,full_training,2.1340301036834717,0.04595386981964111,241.0,1,0,0.2311771290260367,7.074922561645508,2,32,1281,2432,relu,none,0.0,none,20496,xavier,4.337605396906535,2.741262674331665,5,0.246,512,1.7443374395370483,1.6971259295766072,0.03638554832646497,0.0,,gaussian,cpu,cpu,8,,float32,none,small,moderate,medium,cpu,small_model__moderate_data__medium_volume,0.02,32,adam,1e-05,xavier,116.72314453125,8.590755462646484,-23.41776466369629,96.6053695678711,17.01453971862793,56.72251396179199,3.7674922943115234,3.4954307079315186,1.709735631942749,2.6338095664978027,22.564590454101562,0.24907997250556946,0.1692073792219162
203,2026-09-01 12:38:18,test,167,full_training,3.1994495391845703,0.03451458737254143,182.0,1,0,0.16445712000131607,6.3483428955078125,2,32,1281,2432,relu,none,0.0,none,20496,he,5.668473839759827,3.066263437271118,5,0.246,512,1.7443374395370483,1.6971259295766072,0.03638554832646497,0.0,,gaussian,cpu,cpu,8,,float32,none,small,moderate,medium,cpu,small_model__moderate_data__medium_volume,0.02,32,adam,1e-05,he,268.70367431640625,26.18879508972168,-375.54632568359375,96.6053695678711,17.014545440673828,193.0435432434082,3.7674922943115234,3.495429039001465,3.2887420654296875,6.534736633300781,124.09832763671875,0.47911490499973297,0.6260673403739929
204,2026-09-01 12:38:19,test,167,full_training,1.9311727285385132,0.03210046514868736,182.0,1,0,0.17825419598375447,6.709164142608643,2,32,1281,2432,relu,none,0.0,none,20496,orthogonal,4.054092566172282,2.926488161087036,5,0.246,512,1.7443374395370483,1.6971259295766072,0.03638554832646497,0.0,,gaussian,cpu,cpu,8,,float32,none,small,moderate,medium,cpu,small_model__moderate_data__medium_volume,0.02,32,adam,1e-05,orthogonal,84.57994079589844,6.270747184753418,-12.553750038146973,95.61149597167969,16.88732147216797,37.76814994812012,2.828805446624756,2.665759563446045,1.3011726140975952,2.3405380249023438,18.49609375,0.203495092689991,0.1080828346312046
205,2026-09-01 12:38:19,train,168,full_training,8.709885597229004,0.048911817371845245,596.0,1,0,0.601595907995943,10.178864479064941,2,32,1217,2304,relu,none,0.0,none,19472,xavier,3.998493274052938,2.7725577354431152,3,0.155,768,6.8533759117126465,2.381309215553719,0.02674936230723331,0.0,,gaussian,cpu,cpu,8,,float32,none,small,moderate,high,cpu,small_model__moderate_data__high_volume,0.02,32,adam,1e-05,xavier,85.53611755371094,38.200462341308594,-711.790283203125,45.548309326171875,11.566502571105957,38.85715942382812,2.276522636413574,2.2352943420410156,1.3413786888122559,14.598346710205078,947.3531494140625,0.17457468062639236,0.08649833500385284
206,2026-09-01 12:38:20,train,168,full_training,7.573830604553223,0.03539828583598137,397.0,1,0,0.38045929101645015,8.653958320617676,2,32,1217,2304,relu,none,0.0,none,19472,he,5.3281480471293134,2.563436269760132,3,0.155,768,6.8533759117126465,2.381309215553719,0.02674936230723331,0.0,,gaussian,cpu,cpu,8,,float32,none,small,moderate,high,cpu,small_model__moderate_data__high_volume,0.02,32,adam,1e-05,he,247.24282836914062,103.26799011230469,-3255.45166015625,45.548309326171875,11.566499710083008,189.88335800170898,2.276522636413574,2.2352936267852783,3.2397377490997314,31.242591857910156,5310.01953125,0.42163795232772827,0.5045736879110336
207,2026-09-01 12:38:20,train,168,full_training,8.053290367126465,0.034037910401821136,397.0,1,0,0.3669506110018119,9.716900825500488,2,32,1217,2304,relu,none,0.0,none,19472,orthogonal,3.8164965311686196,3.016789674758911,3,0.155,768,6.8533759117126465,2.381309215553719,0.02674936230723331,0.0,,gaussian,cpu,cpu,8,,float32,none,small,moderate,high,cpu,small_model__moderate_data__high_volume,0.02,32,adam,1e-05,orthogonal,53.49358367919922,26.447479248046875,-375.58221435546875,32.67683410644531,11.965126991271973,12.07932071685791,1.7858134508132935,1.6986349821090698,1.2383829355239868,11.382925033569336,552.5084838867188,0.18247653543949127,0.07728022336959839
208,2026-09-01 12:38:20,train,169,full_training,1.2662889957427979,0.035153329372406006,22.0,1,0,0.018362696981057525,3.5266385078430176,2,32,1249,2368,relu,none,0.0,none,19984,xavier,4.106595436731975,2.8521344661712646,4,0.156,384,2.081876039505005,1.7855732478434743,0.06628118437430429,0.0,,gaussian,cpu,cpu,8,,float32,none,small,moderate,medium,cpu,small_model__moderate_data__medium_volume,0.02,32,adam,1e-05,xavier,88.71050262451172,5.656627655029297,-6.600719928741455,77.19230651855469,13.388216018676758,38.866322708129886,3.498800039291382,3.38161039352417,1.6506849527359009,1.6962515115737915,82.20743560791016,0.20658299326896667,0.12439585477113724
209,2026-09-01 12:38:20,train,169,full_training,1.1601109504699707,0.03742537274956703,28.0,1,0,0.024816090997774154,3.2280778884887695,2,32,1249,2368,relu,none,0.0,none,19984,he,5.400059739748637,2.908212184906006,4,0.156,384,2.081876039505005,1.7855732478434743,0.06628118437430429,0.0,,gaussian,cpu,cpu,8,,float32,none,small,moderate,medium,cpu,small_model__moderate_data__medium_volume,0.02,32,adam,1e-05,he,225.21484375,18.678922653198242,-253.227783203125,77.19230651855469,13.388216018676758,113.3279800415039,3.498800039291382,3.3816092014312744,3.501631259918213,4.763521671295166,220.3607940673828,0.43822869658470154,0.5597812831401825
210,2026-09-01 12:38:20,train,169,full_training,1.6154429912567139,0.04993477463722229,20.0,1,0,0.0186920230044052,3.6514527797698975,2,32,1249,2368,relu,none,0.0,none,19984,orthogonal,3.9428090254465737,2.9643869400024414,4,0.156,384,2.081876039505005,1.7855732478434743,0.06628118437430429,0.0,,gaussian,cpu,cpu,8,,float32,none,small,moderate,medium,cpu,small_model__moderate_data__medium_volume,0.02,32,adam,1e-05,orthogonal,68.3827133178711,5.319293022155762,-8.658924102783203,89.30741882324219,15.232315063476562,28.03763771057129,2.059962034225464,1.9611506462097168,1.2699079513549805,1.7251641750335693,70.63688659667969,0.18287768959999084,0.08603772521018982
211,2026-09-01 12:38:21,train,170,full_training,3.068772315979004,0.04354438558220863,390.0,1,0,0.36215498100500554,8.143123626708984,2,32,1313,2496,relu,none,0.0,none,21008,xavier,4.628277778625488,2.699293613433838,6,0.273,512,2.200085163116455,1.8131865682659314,0.03784528918811696,0.0,,gaussian,cpu,cpu,8,,float32,none,small,noisy,medium,cpu,small_model__noisy_data__medium_volume,0.02,32,adam,1e-05,xavier,180.12289428710938,11.048912048339844,-29.032987594604492,101.62908935546875,18.516342163085938,39.59265975952148,5.384350776672363,5.177175521850586,1.862043023109436,3.4585464000701904,69.49813079833984,0.256455734372139,0.17694925516843796
212,2026-09-01 12:38:21,train,170,full_training,3.309880495071411,0.044328171759843826,297.0,1,0,0.26263629901222885,7.18973970413208,2,32,1313,2496,relu,none,0.0,none,21008,he,5.945054133733113,3.1431682109832764,6,0.273,512,2.200085163116455,1.8131865682659314,0.03784528918811696,0.0,,gaussian,cpu,cpu,8,,float32,none,small,noisy,medium,cpu,small_model__noisy_data__medium_volume,0.02,32,adam,1e-05,he,383.60638427734375,19.880910873413086,-47.21525573730469,101.62908935546875,18.516338348388672,89.20793342590332,5.384350299835205,5.177175521850586,3.3135299682617188,5.054995536804199,84.4402084350586,0.45636633038520813,0.5603393018245697
213,2026-09-01 12:38:21,train,170,full_training,3.084109306335449,0.049874648451805115,297.0,1,0,0.3227579020021949,7.538365364074707,2,32,1313,2496,relu,none,0.0,none,21008,orthogonal,4.154700259367625,2.899160146713257,6,0.273,512,2.200085163116455,1.8131865682659314,0.03784528918811696,0.0,,gaussian,cpu,cpu,8,,float32,none,small,noisy,medium,cpu,small_model__noisy_data__medium_volume,0.02,32,adam,1e-05,orthogonal,108.75711059570312,10.524850845336914,-69.29381561279297,113.51969909667969,18.2735538482666,19.452870559692382,3.5825393199920654,3.4665822982788086,1.4091006517410278,4.31380558013916,103.04273986816406,0.22177627682685852,0.12343118712306023
214,2026-09-01 12:38:22,train,171,full_training,13.915719985961914,0.04518331587314606,361.0,1,0,0.43466816400177777,8.3262939453125,2,32,1345,2560,relu,none,0.0,none,21520,xavier,4.824894110361735,2.6007485389709473,7,0.116,768,4.523515224456787,2.173583231261929,0.025636274183124523,0.0,,gaussian,cpu,cpu,8,,float32,none,small,moderate,high,cpu,small_model__moderate_data__high_volume,0.02,32,adam,1e-05,xavier,222.52198791503906,52.410179138183594,-1702.5062255859375,112.10409545898438,18.046598434448242,116.09667282104492,7.585730075836182,6.286670207977295,2.1741621494293213,17.386741638183594,136.8035125732422,0.3123314827680588,0.25847310572862625
215,2026-09-01 12:38:22,train,171,full_training,22.272777557373047,0.04668943211436272,330.0,1,0,0.3409117179980967,7.691518306732178,2,32,1345,2560,relu,none,0.0,none,21520,he,6.084149400393168,3.0874176025390625,7,0.116,768,4.523515224456787,2.173583231261929,0.025636274183124523,0.0,,gaussian,cpu,cpu,8,,float32,none,small,moderate,high,cpu,small_model__moderate_data__high_volume,0.02,32,adam,1e-05,he,444.48486328125,146.640869140625,-11263.0107421875,112.10409545898438,18.046598434448242,344.2938512802124,7.585731506347656,6.286674976348877,3.6287760734558105,39.949424743652344,848.025634765625,0.5212956219911575,0.720032274723053
216,2026-09-01 12:38:23,train,171,full_training,11.353681564331055,0.049774445593357086,265.0,1,0,0.24998177497764118,8.223355293273926,2,32,1345,2560,relu,none,0.0,none,21520,orthogonal,4.247219244639079,2.8800108432769775,7,0.116,768,4.523515224456787,2.173583231261929,0.025636274183124523,0.0,,gaussian,cpu,cpu,8,,float32,none,small,moderate,high,cpu,small_model__moderate_data__high_volume,0.02,32,adam,1e-05,orthogonal,111.43936157226562,29.093122482299805,-750.57275390625,106.9148941040039,18.922199249267578,95.18690948486328,4.246767997741699,4.017916679382324,1.542384386062622,12.466063499450684,36.04655075073242,0.27698688209056854,0.16387366503477097
217,2026-09-01 12:38:23,train,172,full_training,1.7511076927185059,0.04989855736494064,18.0,1,0,0.015568531001918018,3.1157495975494385,2,32,1249,2368,relu,none,0.0,none,19984,xavier,4.106595436731975,2.8521344661712646,4,0.058,512,1.8007110357284546,1.7130293365804028,0.06231148412060411,0.0,,gaussian,cpu,cpu,8,,float32,none,small,clean,medium,cpu,small_model__clean_data__medium_volume,0.02,32,adam,1e-05,xavier,88.71050262451172,5.471760272979736,-9.67175579071045,70.02515411376953,13.75243091583252,29.29918165206909,3.536208152770996,3.3740737438201904,1.663926362991333,1.7353777885437012,19.12232208251953,0.20075467973947525,0.11276616528630257
218,2026-09-01 12:38:23,train,172,full_training,1.0340553522109985,0.04490410536527634,8.0,1,0,0.0068627809814643115,2.0007944107055664,2,32,1249,2368,relu,none,0.0,none,19984,he,5.400059739748637,2.908212184906006,4,0.058,512,1.8007110357284546,1.7130293365804028,0.06231148412060411,0.0,,gaussian,cpu,cpu,8,,float32,none,small,clean,medium,cpu,small_model__clean_data__medium_volume,0.02,32,adam,1e-05,he,225.21484375,17.713829040527344,-209.7054901123047,70.02515411376953,13.752427101135254,96.35556030273438,3.536208152770996,3.374074697494507,3.5297207832336426,4.677614688873291,75.08328247070312,0.42586496472358704,0.5074476897716522
219,2026-09-01 12:38:23,train,172,full_training,2.566004753112793,0.04467711225152016,22.0,1,0,0.021974458009935915,3.5538482666015625,2,32,1249,2368,relu,none,0.0,none,19984,orthogonal,3.9428090254465737,2.9643869400024414,4,0.058,512,1.8007110357284546,1.7130293365804028,0.06231148412060411,0.0,,gaussian,cpu,cpu,8,,float32,none,small,clean,medium,cpu,small_model__clean_data__medium_volume,0.02,32,adam,1e-05,orthogonal,68.3827133178711,5.800751686096191,-14.528278350830078,80.76547241210938,15.245159149169922,26.533419799804687,2.0342957973480225,1.9452325105667114,1.2535500526428223,1.9635875225067139,25.421142578125,0.1782287061214447,0.07701877504587173
220,2026-09-01 12:38:23,train,173,full_training,1.222816824913025,0.0429215170443058,166.0,1,0,0.1658877500158269,6.391673564910889,2,32,1313,2496,relu,none,0.0,none,21008,xavier,4.628277778625488,2.699293613433838,6,0.146,512,1.9865691661834717,1.7621430900948654,0.030291027228857074,0.0,,gaussian,cpu,cpu,8,,float32,none,small,moderate,medium,cpu,small_model__moderate_data__medium_volume,0.02,32,adam,1e-05,xavier,180.12289428710938,15.838022232055664,-104.54802703857422,98.68446350097656,16.895322799682617,56.8485610961914,5.243103504180908,4.839634418487549,1.9038188457489014,4.841367721557617,185.87374877929688,0.31261301040649414,0.264701172709465
221,2026-09-01 12:38:23,train,173,full_training,1.7817151546478271,0.04967522621154785,140.0,1,0,0.13565011997707188,5.975011348724365,2,32,1313,2496,relu,none,0.0,none,21008,he,5.945054133733113,3.1431682109832764,6,0.146,512,1.9865691661834717,1.7621430900948654,0.030291027228857074,0.0,,gaussian,cpu,cpu,8,,float32,none,small,moderate,medium,cpu,small_model__moderate_data__medium_volume,0.02,32,adam,1e-05,he,383.60638427734375,38.28432846069336,-578.9719848632812,98.68446350097656,16.89531135559082,142.88227081298828,5.24310302734375,4.839635372161865,3.3878703117370605,10.181896209716797,785.5457153320312,0.5562989413738251,0.8382203876972198
222,2026-09-01 12:38:23,train,173,full_training,1.0058836936950684,0.03918243199586868,159.0,1,0,0.14684903298621066,6.225159168243408,2,32,1313,2496,relu,none,0.0,none,21008,orthogonal,4.154700259367625,2.899160146713257,6,0.146,512,1.9865691661834717,1.7621430900948654,0.030291027228857074,0.0,,gaussian,cpu,cpu,8,,float32,none,small,moderate,medium,cpu,small_model__moderate_data__medium_volume,0.02,32,adam,1e-05,orthogonal,108.75711059570312,9.545470237731934,-55.54629898071289,113.13813781738281,17.425493240356445,28.939599990844727,3.4690299034118652,3.455225706100464,1.4555673599243164,3.8413121700286865,129.70907592773438,0.2514077425003052,0.15321610867977142
223,2026-09-01 12:38:23,train,174,full_training,6.605494022369385,0.0447688028216362,96.0,1,0,0.0981726509926375,5.255422592163086,2,32,1217,2304,relu,none,0.0,none,19472,xavier,3.998493274052938,2.7725577354431152,3,0.133,256,2.7015511989593506,1.9158515962901812,0.021316493814775437,0.0,,gaussian,cpu,cpu,8,,float32,none,small,moderate,low,cpu,small_model__moderate_data__low_volume,0.02,32,adam,1e-05,xavier,85.53611755371094,23.044036865234375,-222.34532165527344,44.59620666503906,12.452241897583008,-0.3154961585998535,2.4235026836395264,2.2787506580352783,1.3138878345489502,8.365500450134277,101.92281341552734,0.158824160695076,0.07001753523945808
224,2026-09-01 12:38:24,train,174,full_training,6.810173034667969,0.03307925909757614,105.0,1,0,0.1047761520021595,4.506234169006348,2,32,1217,2304,relu,none,0.0,none,19472,he,5.3281480471293134,2.563436269760132,3,0.133,256,2.7015511989593506,1.9158515962901812,0.021316493814775437,0.0,,gaussian,cpu,cpu,8,,float32,none,small,moderate,low,cpu,small_model__moderate_data__low_volume,0.02,32,adam,1e-05,he,247.24282836914062,64.71177673339844,-1088.29296875,44.59620666503906,12.452241897583008,83.65189332962036,2.4235026836395264,2.2787508964538574,3.1733410358428955,17.4444580078125,603.4647216796875,0.38359682261943817,0.4084356725215912
225,2026-09-01 12:38:24,train,174,full_training,5.845578193664551,0.03398136794567108,98.0,1,0,0.09064796901657246,5.863582611083984,2,32,1217,2304,relu,none,0.0,none,19472,orthogonal,3.8164965311686196,3.016789674758911,3,0.133,256,2.7015511989593506,1.9158515962901812,0.021316493814775437,0.0,,gaussian,cpu,cpu,8,,float32,none,small,moderate,low,cpu,small_model__moderate_data__low_volume,0.02,32,adam,1e-05,orthogonal,53.49358367919922,14.496583938598633,-91.35586547851562,48.95208740234375,12.192048072814941,-3.6281620025634767,1.779140591621399,1.6756019592285156,1.2113888263702393,6.39306640625,61.67837905883789,0.16818755865097046,0.0671982541680336
226,2026-09-01 12:38:24,train,175,full_training,2.263913869857788,0.03982796147465706,26.0,1,0,0.026246818975778297,4.765149116516113,2,32,1281,2432,relu,none,0.0,none,20496,xavier,4.337605396906535,2.741262674331665,5,0.07,384,1.9107416868209839,1.7426842753996985,0.033264524696958724,0.0,,gaussian,cpu,cpu,8,,float32,none,small,clean,medium,cpu,small_model__clean_data__medium_volume,0.02,32,adam,1e-05,xavier,116.72314453125,12.45202922821045,-73.73049926757812,99.80693817138672,17.358264923095703,70.76287355422974,4.099488258361816,3.7903337478637695,1.8009694814682007,3.583073139190674,213.79061889648438,0.25839580595493317,0.17927180230617523
227,2026-09-01 12:38:24,train,175,full_training,3.8022077083587646,0.028335297480225563,26.0,1,0,0.023743816011119634,4.580230712890625,2,32,1281,2432,relu,none,0.0,none,20496,he,5.668473839759827,3.066263437271118,5,0.07,384,1.9107416868209839,1.7426842753996985,0.033264524696958724,0.0,,gaussian,cpu,cpu,8,,float32,none,small,clean,medium,cpu,small_model__clean_data__medium_volume,0.02,32,adam,1e-05,he,268.70367431640625,40.64891815185547,-714.012939453125,99.80693817138672,17.358264923095703,240.2635467529297,4.099488735198975,3.790334939956665,3.4642341136932373,9.707452774047852,1159.315185546875,0.4970342814922333,0.6633056700229645
228,2026-09-01 12:38:24,train,175,full_training,2.046802520751953,0.048704683780670166,23.0,1,0,0.02462541699060239,4.446260452270508,2,32,1281,2432,relu,none,0.0,none,20496,orthogonal,4.054092566172282,2.926488161087036,5,0.07,384,1.9107416868209839,1.7426842753996985,0.033264524696958724,0.0,,gaussian,cpu,cpu,8,,float32,none,small,clean,medium,cpu,small_model__clean_data__medium_volume,0.02,32,adam,1e-05,orthogonal,84.57994079589844,8.028764724731445,-36.50585174560547,100.74217224121094,17.299766540527344,45.03857650756836,2.796705722808838,2.614591598510742,1.3104405403137207,2.867797374725342,242.2267608642578,0.20967642217874527,0.11782647669315338
229,2026-09-01 12:38:24,train,176,full_training,1.6904385089874268,0.04950658604502678,81.0,1,0,0.09169757799827494,5.432833194732666,2,32,1249,2368,relu,none,0.0,none,19984,xavier,4.106595436731975,2.8521344661712646,4,0.017,384,1.9395380020141602,1.7501634339161478,0.037743803738322174,0.0,,gaussian,cpu,cpu,8,,float32,none,small,clean,medium,cpu,small_model__clean_data__medium_volume,0.02,32,adam,1e-05,xavier,88.71050262451172,10.563383102416992,-100.86524200439453,89.16768646240234,13.905363082885742,17.757713985443115,3.348111152648926,3.2173070907592773,1.6230976581573486,4.351747035980225,180.29248046875,0.20478611439466476,0.11462985351681709
230,2026-09-01 12:38:24,train,176,full_training,2.776292324066162,0.042309440672397614,72.0,1,0,0.0749267420032993,5.04742956161499,2,32,1249,2368,relu,none,0.0,none,19984,he,5.400059739748637,2.908212184906006,4,0.017,384,1.9395380020141602,1.7501634339161478,0.037743803738322174,0.0,,gaussian,cpu,cpu,8,,float32,none,small,clean,medium,cpu,small_model__clean_data__medium_volume,0.02,32,adam,1e-05,he,225.21484375,40.18381881713867,-1292.567138671875,89.16768646240234,13.905357360839844,80.19010944366455,3.3481109142303467,3.2173049449920654,3.4431097507476807,13.102866172790527,1611.65869140625,0.4344169348478317,0.5158342868089676
231,2026-09-01 12:38:24,train,176,full_training,1.694214940071106,0.04699846729636192,91.0,1,0,0.09813567998935468,5.586613178253174,2,32,1249,2368,relu,none,0.0,none,19984,orthogonal,3.9428090254465737,2.9643869400024414,4,0.017,384,1.9395380020141602,1.7501634339161478,0.037743803738322174,0.0,,gaussian,cpu,cpu,8,,float32,none,small,clean,medium,cpu,small_model__clean_data__medium_volume,0.02,32,adam,1e-05,orthogonal,68.3827133178711,8.126748085021973,-44.943641662597656,77.17082977294922,15.83116626739502,16.66990566253662,2.01759672164917,1.974612832069397,1.2680153846740723,3.2302348613739014,66.7658462524414,0.1854800507426262,0.08123760297894478
232,2026-09-01 12:38:25,train,177,full_training,4.338425159454346,0.04119124263525009,246.0,1,0,0.26657259301282465,9.454278945922852,2,32,1249,2368,relu,none,0.0,none,19984,xavier,4.106595436731975,2.8521344661712646,4,0.15,384,6.238734722137451,2.334327229671031,0.040983647591368765,0.0,,gaussian,cpu,cpu,8,,float32,none,small,moderate,medium,cpu,small_model__moderate_data__medium_volume,0.02,32,adam,1e-05,xavier,88.71050262451172,16.01654052734375,-171.5090789794922,63.50596618652344,13.006614685058594,16.24734401702881,3.392728090286255,3.1140682697296143,1.6852409839630127,6.793779373168945,114.7741470336914,0.2300012707710266,0.14292027056217194
233,2026-09-01 12:38:25,train,177,full_training,6.400949478149414,0.04921437054872513,278.0,1,0,0.25683297897921875,8.585271835327148,2,32,1249,2368,relu,none,0.0,none,19984,he,5.400059739748637,2.908212184906006,4,0.15,384,6.238734722137451,2.334327229671031,0.040983647591368765,0.0,,gaussian,cpu,cpu,8,,float32,none,small,moderate,medium,cpu,small_model__moderate_data__medium_volume,0.02,32,adam,1e-05,he,225.21484375,50.98041915893555,-1301.7147216796875,63.50596618652344,13.006614685058594,100.42911987304687,3.392728090286255,3.1140689849853516,3.5749356746673584,15.166813850402832,544.994384765625,0.4879063665866852,0.6431411802768707
234,2026-09-01 12:38:25,train,177,full_training,3.966425895690918,0.047622598707675934,220.0,1,0,0.21184557199012488,9.317625045776367,2,32,1249,2368,relu,none,0.0,none,19984,orthogonal,3.9428090254465737,2.9643869400024414,4,0.15,384,6.238734722137451,2.334327229671031,0.040983647591368765,0.0,,gaussian,cpu,cpu,8,,float32,none,small,moderate,medium,cpu,small_model__moderate_data__medium_volume,0.02,32,adam,1e-05,orthogonal,68.3827133178711,12.494380950927734,-128.20120239257812,80.33757019042969,15.042801856994629,-7.757260799407959,1.9658944606781006,1.9591398239135742,1.2721681594848633,6.069063663482666,89.4959487915039,0.20239927619695663,0.09694283828139305
235,2026-09-01 12:38:25,train,178,full_training,1.4698817729949951,0.047469548881053925,27.0,1,0,0.024173090001568198,3.4524502754211426,2,32,1185,2240,relu,none,0.0,none,18960,xavier,3.9327030579249063,2.911090850830078,2,0.287,768,2.028312921524048,1.77254072039472,0.028451807941695474,0.0,,gaussian,cpu,cpu,8,,float32,none,small,noisy,high,cpu,small_model__noisy_data__high_volume,0.02,32,adam,1e-05,xavier,58.31831359863281,10.29638671875,-36.88551712036133,-127.59991455078125,7.085178375244141,20.335626220703126,1.848535418510437,1.468858242034912,1.261806845664978,3.4860620498657227,49.39394760131836,0.13884614408016205,0.06753662787377834
236,2026-09-01 12:38:25,train,178,full_training,1.2096506357192993,0.04217357188463211,209.0,1,0,0.19002879099571146,3.5468807220458984,2,32,1185,2240,relu,none,0.0,none,18960,he,5.592296163241069,2.8417537212371826,2,0.287,768,2.028312921524048,1.77254072039472,0.028451807941695474,0.0,,gaussian,cpu,cpu,8,,float32,none,small,noisy,high,cpu,small_model__noisy_data__high_volume,0.02,32,adam,1e-05,he,203.48391723632812,22.89555549621582,-180.62957763671875,-127.59991455078125,7.085179328918457,239.7139030456543,1.848535418510437,1.4688584804534912,3.678767681121826,7.483275890350342,426.3020935058594,0.404802605509758,0.5740613788366318
237,2026-09-01 12:38:25,train,178,full_training,1.5924832820892334,0.04479679837822914,27.0,1,0,0.026892768015386537,3.675677537918091,2,32,1185,2240,relu,none,0.0,none,18960,orthogonal,3.666666487852732,3.0912060737609863,2,0.287,768,2.028312921524048,1.77254072039472,0.028451807941695474,0.0,,gaussian,cpu,cpu,8,,float32,none,small,noisy,high,cpu,small_model__noisy_data__high_volume,0.02,32,adam,1e-05,orthogonal,35.72531509399414,7.207494735717773,-21.514881134033203,-154.81884765625,7.296270847320557,-0.15772247314453125,1.3208880424499512,1.269253134727478,1.0834920406341553,2.571922779083252,23.593063354492188,0.12366597354412079,0.04895790293812752
238,2026-09-01 12:38:26,train,179,full_training,1.4511797428131104,0.04053301364183426,74.0,1,0,0.07756195397814736,5.2734761238098145,2,32,1281,2432,relu,none,0.0,none,20496,xavier,4.337605396906535,2.741262674331665,5,0.037,256,1.8855950832366943,1.7360602657566087,0.048739738949827485,0.0,,gaussian,cpu,cpu,8,,float32,none,small,clean,low,cpu,small_model__clean_data__low_volume,0.02,32,adam,1e-05,xavier,116.72314453125,7.5313029289245605,-28.761362075805664,97.80430603027344,16.563669204711914,54.31886177062988,3.9591658115386963,3.603276252746582,1.7084399461746216,2.147865056991577,63.28543472290039,0.2407139167189598,0.15401716530323029
239,2026-09-01 12:38:26,train,179,full_training,2.8995423316955566,0.04951867833733559,66.0,1,0,0.06000518999644555,4.9764084815979,2,32,1281,2432,relu,none,0.0,none,20496,he,5.668473839759827,3.066263437271118,5,0.037,256,1.8855950832366943,1.7360602657566087,0.048739738949827485,0.0,,gaussian,cpu,cpu,8,,float32,none,small,clean,low,cpu,small_model__clean_data__low_volume,0.02,32,adam,1e-05,he,268.70367431640625,28.261920928955078,-504.272705078125,97.80430603027344,16.563669204711914,183.66432418823243,3.9591660499572754,3.6032769680023193,3.286250114440918,7.226836204528809,516.489501953125,0.46302251517772675,0.5698635578155518
240,2026-09-01 12:38:26,train,179,full_training,1.1828744411468506,0.045616697520017624,62.0,1,0,0.06039863498881459,5.223621845245361,2,32,1281,2432,relu,none,0.0,none,20496,orthogonal,4.054092566172282,2.926488161087036,5,0.037,256,1.8855950832366943,1.7360602657566087,0.048739738949827485,0.0,,gaussian,cpu,cpu,8,,float32,none,small,clean,low,cpu,small_model__clean_data__low_volume,0.02,32,adam,1e-05,orthogonal,84.57994079589844,3.907559633255005,-4.447685241699219,100.20245361328125,16.571765899658203,28.191410636901857,2.8229236602783203,2.725916624069214,1.3189823627471924,1.3210093975067139,19.83913803100586,0.19434921443462372,0.09598414972424507
241,2026-09-01 12:47:41,train,1,full_training,0.830467164516449,0.026359131559729576,19.0,1,0,0.018892419000621885,3.291778564453125,2,32,1249,2368,relu,none,0.0,none,19984,xavier,4.106595436731975,2.8521344661712646,4,0.1,256,2.0292224884033203,1.772764887728487,0.04422137646198132,0.0,,gaussian,cpu,cpu,8,,float32,none,small,moderate,low,cpu,small_model__moderate_data__low_volume,0.02,32,adam,1e-05,xavier,88.71050262451172,6.210914134979248,-7.780642986297607,65.91829681396484,14.126775741577148,29.670841407775878,3.3153140544891357,3.2179951667785645,1.6119086742401123,1.8767220973968506,75.22916412353516,0.17642339318990707,0.09031961858272552
242,2026-09-01 12:47:41,train,1,full_training,1.35580575466156,0.037396952509880066,17.0,1,0,0.017843270994490013,2.9418437480926514,2,32,1249,2368,relu,none,0.0,none,19984,he,5.400059739748637,2.908212184906006,4,0.1,256,2.0292224884033203,1.772764887728487,0.04422137646198132,0.0,,gaussian,cpu,cpu,8,,float32,none,small,moderate,low,cpu,small_model__moderate_data__low_volume,0.02,32,adam,1e-05,he,225.21484375,17.073518753051758,-237.26718139648438,65.91829681396484,14.126779556274414,80.78423080444335,3.3153138160705566,3.2179951667785645,3.4193742275238037,4.669451713562012,36.22666549682617,0.37425048649311066,0.4064382463693619
243,2026-09-01 12:47:41,train,1,full_training,1.1895465850830078,0.02463325299322605,20.0,1,0,0.018329340004129335,3.6308207511901855,2,32,1249,2368,relu,none,0.0,none,19984,orthogonal,3.9428090254465737,2.9643869400024414,4,0.1,256,2.0292224884033203,1.772764887728487,0.04422137646198132,0.0,,gaussian,cpu,cpu,8,,float32,none,small,moderate,low,cpu,small_model__moderate_data__low_volume,0.02,32,adam,1e-05,orthogonal,68.3827133178711,6.239274501800537,-12.705279350280762,88.1704330444336,15.457890510559082,29.459704685211182,2.0914056301116943,2.069622278213501,1.2550272941589355,2.0931735038757324,97.86592864990234,0.16321174055337906,0.06850162893533707
244,2026-09-01 12:47:42,train,2,full_training,1.0798277854919434,0.04396172612905502,115.0,1,0,0.0997539579984732,6.072940826416016,2,32,1313,2496,relu,none,0.0,none,21008,xavier,4.628277778625488,2.699293613433838,6,0.1,512,1.9600470066070557,1.755422761163484,0.025829305249334335,0.0,,gaussian,cpu,cpu,8,,float32,none,small,moderate,medium,cpu,small_model__moderate_data__medium_volume,0.02,32,adam,1e-05,xavier,180.12289428710938,11.88781452178955,-45.79234313964844,100.92446899414062,17.89844512939453,39.42365255355835,5.382480144500732,4.58633279800415,1.8839805126190186,3.4339966773986816,43.82521438598633,0.2908683121204376,0.21807674318552017
245,2026-09-01 12:47:42,train,2,full_training,1.6500192880630493,0.04965536668896675,117.0,1,0,0.10209861901239492,6.168213844299316,2,32,1313,2496,relu,none,0.0,none,21008,he,5.945054133733113,3.1431682109832764,6,0.1,512,1.9600470066070557,1.755422761163484,0.025829305249334335,0.0,,gaussian,cpu,cpu,8,,float32,none,small,moderate,medium,cpu,small_model__moderate_data__medium_volume,0.02,32,adam,1e-05,he,383.60638427734375,26.623336791992188,-214.91043090820312,100.92446899414062,17.89845085144043,111.16880989074707,5.382480144500732,4.586334228515625,3.352567434310913,6.57961368560791,166.9491424560547,0.5176039934158325,0.6905763447284698
246,2026-09-01 12:47:42,train,2,full_training,0.9132771492004395,0.034309737384319305,115.0,1,0,0.11172515997895971,6.38893985748291,2,32,1313,2496,relu,none,0.0,none,21008,orthogonal,4.154700259367625,2.899160146713257,6,0.1,512,1.9600470066070557,1.755422761163484,0.025829305249334335,0.0,,gaussian,cpu,cpu,8,,float32,none,small,moderate,medium,cpu,small_model__moderate_data__medium_volume,0.02,32,adam,1e-05,orthogonal,108.75711059570312,9.135639190673828,-44.00794982910156,109.76161193847656,17.88730239868164,30.616767501831056,3.550140380859375,3.438891649246216,1.460341215133667,3.420865058898926,40.305084228515625,0.241234689950943,0.13761577010154724
247,2026-09-01 12:47:42,train,3,full_training,5.565761566162109,0.047867193818092346,191.0,1,0,0.17199867000454105,7.864662170410156,2,32,1281,2432,relu,none,0.0,none,20496,xavier,4.337605396906535,2.741262674331665,5,0.1,384,4.589955806732178,2.180873731136262,0.0312231685871935,0.0,,gaussian,cpu,cpu,8,,float32,none,small,moderate,medium,cpu,small_model__moderate_data__medium_volume,0.02,32,adam,1e-05,xavier,116.72314453125,14.87795352935791,-44.55958938598633,90.80648803710938,15.763803482055664,77.68916053771973,4.08700704574585,3.479933500289917,1.7770894765853882,5.644482135772705,776.1986694335938,0.25129490345716476,0.17207051068544388
248,2026-09-01 12:47:42,train,3,full_training,5.21388578414917,0.03246653825044632,127.0,1,0,0.12206232800963335,7.184310436248779,2,32,1281,2432,relu,none,0.0,none,20496,he,5.668473839759827,3.066263437271118,5,0.1,384,4.589955806732178,2.180873731136262,0.0312231685871935,0.0,,gaussian,cpu,cpu,8,,float32,none,small,moderate,medium,cpu,small_model__moderate_data__medium_volume,0.02,32,adam,1e-05,he,268.70367431640625,29.131193161010742,-128.59243774414062,90.80648803710938,15.763799667358398,252.07793502807618,4.08700704574585,3.4799342155456543,3.418299913406372,7.2486724853515625,2046.01416015625,0.4833754152059555,0.6366609334945679
249,2026-09-01 12:47:42,train,3,full_training,6.023970603942871,0.045462194830179214,264.0,1,0,0.22374639101326466,8.027772903442383,2,32,1281,2432,relu,none,0.0,none,20496,orthogonal,4.054092566172282,2.926488161087036,5,0.1,384,4.589955806732178,2.180873731136262,0.0312231685871935,0.0,,gaussian,cpu,cpu,8,,float32,none,small,moderate,medium,cpu,small_model__moderate_data__medium_volume,0.02,32,adam,1e-05,orthogonal,84.57994079589844,11.129603385925293,-60.7789306640625,102.70343017578125,16.894424438476562,26.492049980163575,2.9229965209960938,2.608851194381714,1.2979936599731445,5.2260518074035645,312.62298583984375,0.20187526941299438,0.10743525996804237
250,2026-09-01 12:47:43,train,4,full_training,1.5111641883850098,0.048246510326862335,26.0,1,0,0.02112883099471219,3.7412703037261963,2,32,1249,2368,relu,none,0.0,none,19984,xavier,4.106595436731975,2.8521344661712646,4,0.3,256,2.286898612976074,1.8325368242905105,0.06028381142579206,0.0,,gaussian,cpu,cpu,8,,float32,none,small,noisy,low,cpu,small_model__noisy_data__low_volume,0.02,32,adam,1e-05,xavier,88.71050262451172,7.862856864929199,-17.250051498413086,78.17378997802734,13.980384826660156,33.34743423461914,3.4671149253845215,3.388411045074463,1.6453585624694824,2.464158058166504,14.587212562561035,0.20911210775375366,0.11741609498858452
251,2026-09-01 12:47:43,train,4,full_training,0.9854187369346619,0.042311426252126694,62.0,1,0,0.05045713999425061,3.663456439971924,2,32,1249,2368,relu,none,0.0,none,19984,he,5.400059739748637,2.908212184906006,4,0.3,256,2.286898612976074,1.8325368242905105,0.06028381142579206,0.0,,gaussian,cpu,cpu,8,,float32,none,small,noisy,low,cpu,small_model__noisy_data__low_volume,0.02,32,adam,1e-05,he,225.21484375,19.600534439086914,-174.5230255126953,78.17378997802734,13.98038101196289,97.47704162597657,3.4671151638031006,3.3884124755859375,3.4903323650360107,5.018294811248779,79.35395812988281,0.4435937851667404,0.5283724069595337
252,2026-09-01 12:47:43,train,4,full_training,1.8689855337142944,0.04469349980354309,42.0,1,0,0.04138409800361842,4.205759525299072,2,32,1249,2368,relu,none,0.0,none,19984,orthogonal,3.9428090254465737,2.9643869400024414,4,0.3,256,2.286898612976074,1.8325368242905105,0.06028381142579206,0.0,,gaussian,cpu,cpu,8,,float32,none,small,noisy,low,cpu,small_model__noisy_data__low_volume,0.02,32,adam,1e-05,orthogonal,68.3827133178711,7.809130668640137,-24.369298934936523,74.84283447265625,15.411137580871582,32.57246861457825,1.9562668800354004,1.9895806312561035,1.2635059356689453,2.67744779586792,12.286341667175293,0.1889336109161377,0.08444475382566452
253,2026-09-01 12:47:43,train,5,full_training,3.537153720855713,0.04294028878211975,91.0,1,0,0.08522842000820674,5.641251087188721,2,32,1313,2496,relu,none,0.0,none,21008,xavier,4.628277778625488,2.699293613433838,6,0.0,512,1.867555856704712,1.7312538069344652,0.04202803391966749,0.0,,gaussian,cpu,cpu,8,,float32,none,small,clean,medium,cpu,small_model__clean_data__medium_volume,0.02,32,adam,1e-05,xavier,180.12289428710938,10.037043571472168,-27.765308380126953,96.06793975830078,18.023452758789062,37.29971828460693,5.341351509094238,4.448740482330322,1.8410866260528564,2.956608533859253,15.405150413513184,0.26139289140701294,0.19125504791736603
254,2026-09-01 12:47:43,train,5,full_training,4.213824272155762,0.03153466060757637,120.0,1,0,0.12338667002040893,5.8793625831604,2,32,1313,2496,relu,none,0.0,none,21008,he,5.945054133733113,3.1431682109832764,6,0.0,512,1.867555856704712,1.7312538069344652,0.04202803391966749,0.0,,gaussian,cpu,cpu,8,,float32,none,small,clean,medium,cpu,small_model__clean_data__medium_volume,0.02,32,adam,1e-05,he,383.60638427734375,20.79003143310547,-97.68221282958984,96.06793975830078,18.023456573486328,100.12848014831543,5.3413519859313965,4.448741436004639,3.276237726211548,5.07389497756958,79.97492980957031,0.4651520401239395,0.6056409925222397
255,2026-09-01 12:47:43,train,5,full_training,3.6150431632995605,0.04716802015900612,81.0,1,0,0.07059674398624338,5.637527942657471,2,32,1313,2496,relu,none,0.0,none,21008,orthogonal,4.154700259367625,2.899160146713257,6,0.0,512,1.867555856704712,1.7312538069344652,0.04202803391966749,0.0,,gaussian,cpu,cpu,8,,float32,none,small,clean,medium,cpu,small_model__clean_data__medium_volume,0.02,32,adam,1e-05,orthogonal,108.75711059570312,7.439563751220703,-30.19184112548828,115.15887451171875,17.881397247314453,23.53757953643799,3.8116023540496826,3.60478138923645,1.413159966468811,2.8460028171539307,16.59442710876465,0.21798407286405563,0.12345810234546661
256,2026-09-01 12:47:44,train,6,full_training,7.6473870277404785,0.04386453330516815,606.0,1,0,0.5604243199923076,10.899739265441895,2,32,1281,2432,relu,none,0.0,none,20496,xavier,4.337605396906535,2.741262674331665,5,0.2,768,5.0051422119140625,2.224171446370852,0.027203669793248918,0.0,,gaussian,cpu,cpu,8,,float32,none,small,moderate,high,cpu,small_model__moderate_data__high_volume,0.02,32,adam,1e-05,xavier,116.72314453125,17.049938201904297,-65.50624084472656,104.91101837158203,16.45632553100586,63.96963100433349,3.979733943939209,3.6802914142608643,1.786940097808838,6.359136581420898,882.687255859375,0.2509632632136345,0.1688544675707817
257,2026-09-01 12:47:44,train,6,full_training,6.513976573944092,0.04035099968314171,284.0,1,0,0.24605873800464906,8.732767105102539,2,32,1281,2432,relu,none,0.0,none,20496,he,5.668473839759827,3.066263437271118,5,0.2,768,5.0051422119140625,2.224171446370852,0.027203669793248918,0.0,,gaussian,cpu,cpu,8,,float32,none,small,moderate,high,cpu,small_model__moderate_data__high_volume,0.02,32,adam,1e-05,he,268.70367431640625,31.40130043029785,-160.33941650390625,104.91101837158203,16.456321716308594,223.74530181884765,3.979734182357788,3.680290699005127,3.4372477531433105,8.721294403076172,2745.314208984375,0.4827374815940857,0.624761551618576
258,2026-09-01 12:47:44,train,6,full_training,8.086669921875,0.03995486721396446,250.0,1,0,0.23881346100824885,8.876498222351074,2,32,1281,2432,relu,none,0.0,none,20496,orthogonal,4.054092566172282,2.926488161087036,5,0.2,768,5.0051422119140625,2.224171446370852,0.027203669793248918,0.0,,gaussian,cpu,cpu,8,,float32,none,small,moderate,high,cpu,small_model__moderate_data__high_volume,0.02,32,adam,1e-05,orthogonal,84.57994079589844,13.769994735717773,-87.63568115234375,96.48775482177734,16.84551239013672,22.727835655212402,2.908452033996582,2.6970884799957275,1.3150088787078857,6.241410732269287,822.1605224609375,0.2048013061285019,0.10781580582261086
259,2026-09-01 12:47:44,train,7,full_training,2.57077693939209,0.047542110085487366,31.0,1,0,0.0276463910122402,4.756789207458496,2,32,1281,2432,relu,none,0.0,none,20496,xavier,4.337605396906535,2.741262674331665,5,0.0,384,1.9720970392227173,1.7584872649549395,0.03100440729891365,0.0,,gaussian,cpu,cpu,8,,float32,none,small,clean,medium,cpu,small_model__clean_data__medium_volume,0.02,32,adam,1e-05,xavier,116.72314453125,14.338796615600586,-137.7724151611328,99.3246078491211,16.331960678100586,53.48640365600586,3.8725180625915527,3.488149881362915,1.7115463018417358,4.760093688964844,95.06778717041016,0.22258369624614716,0.13711795210838318
260,2026-09-01 12:47:44,train,7,full_training,4.549753665924072,0.04298895597457886,31.0,1,0,0.02610980099416338,4.638800621032715,2,32,1281,2432,relu,none,0.0,none,20496,he,5.668473839759827,3.066263437271118,5,0.0,384,1.9720970392227173,1.7584872649549395,0.03100440729891365,0.0,,gaussian,cpu,cpu,8,,float32,none,small,clean,medium,cpu,small_model__clean_data__medium_volume,0.02,32,adam,1e-05,he,268.70367431640625,50.2819938659668,-1376.239990234375,99.3246078491211,16.331960678100586,175.12122230529786,3.872518539428711,3.4881479740142822,3.2922251224517822,13.4323148727417,605.0968627929688,0.4281482845544815,0.507336437702179
261,2026-09-01 12:47:44,train,7,full_training,1.9783540964126587,0.04309840127825737,23.0,1,0,0.018828997999662533,4.47422981262207,2,32,1281,2432,relu,none,0.0,none,20496,orthogonal,4.054092566172282,2.926488161087036,5,0.0,384,1.9720970392227173,1.7584872649549395,0.03100440729891365,0.0,,gaussian,cpu,cpu,8,,float32,none,small,clean,medium,cpu,small_model__clean_data__medium_volume,0.02,32,adam,1e-05,orthogonal,84.57994079589844,6.4863080978393555,-36.053794860839844,107.62492370605469,17.111034393310547,30.393634700775145,2.9268102645874023,2.7419850826263428,1.3083608150482178,2.7237422466278076,36.044273376464844,0.17666658014059067,0.08619929105043411
262,2026-09-01 12:47:45,train,8,full_training,2.981701135635376,0.04827379807829857,252.0,1,0,0.22272160099237226,7.8505706787109375,2,32,1345,2560,relu,none,0.0,none,21520,xavier,4.824894110361735,2.6007485389709473,7,0.2,640,1.9658149480819702,1.7568919788007094,0.03106641698137673,0.0,,gaussian,cpu,cpu,8,,float32,none,small,moderate,high,cpu,small_model__moderate_data__high_volume,0.02,32,adam,1e-05,xavier,222.52198791503906,37.6429443359375,-729.9031372070312,111.55693054199219,18.304975509643555,135.52686233520507,10.6790771484375,6.530520915985107,2.1010875701904297,10.537958145141602,773.3704223632812,0.3020000457763672,0.24555378407239914
263,2026-09-01 12:47:45,train,8,full_training,6.641028881072998,0.04932842403650284,295.0,1,0,0.2593496129848063,7.345340251922607,2,32,1345,2560,relu,none,0.0,none,21520,he,6.084149400393168,3.0874176025390625,7,0.2,640,1.9658149480819702,1.7568919788007094,0.03106641698137673,0.0,,gaussian,cpu,cpu,8,,float32,none,small,moderate,high,cpu,small_model__moderate_data__high_volume,0.02,32,adam,1e-05,he,444.48486328125,111.82667541503906,-5759.119140625,111.55693054199219,18.304975509643555,374.8607124328613,10.6790771484375,6.530520915985107,3.5068116188049316,27.054405212402344,3489.57373046875,0.504051998257637,0.6840427219867706
264,2026-09-01 12:47:45,train,8,full_training,1.9217276573181152,0.045572854578495026,266.0,1,0,0.216010339994682,7.723268508911133,2,32,1345,2560,relu,none,0.0,none,21520,orthogonal,4.247219244639079,2.8800108432769775,7,0.2,640,1.9658149480819702,1.7568919788007094,0.03106641698137673,0.0,,gaussian,cpu,cpu,8,,float32,none,small,moderate,high,cpu,small_model__moderate_data__high_volume,0.02,32,adam,1e-05,orthogonal,111.43936157226562,18.138887405395508,-285.47479248046875,115.82929229736328,19.343433380126953,81.50102005004882,4.5905022621154785,3.954125165939331,1.5419223308563232,7.067910194396973,416.03558349609375,0.2681821659207344,0.15947190672159195
265,2026-09-01 12:47:45,train,9,full_training,1.522403597831726,0.03625603765249252,186.0,1,0,0.16678125600446947,7.525232315063477,2,32,1313,2496,relu,none,0.0,none,21008,xavier,4.628277778625488,2.699293613433838,6,0.05,512,4.295394420623779,2.147710225068832,0.040229272391758046,0.0,,gaussian,cpu,cpu,8,,float32,none,small,clean,medium,cpu,small_model__clean_data__medium_volume,0.02,32,adam,1e-05,xavier,180.12289428710938,21.101221084594727,-168.7559356689453,107.92363739013672,17.540390014648438,94.02649478912353,4.608424186706543,4.478360176086426,1.8472706079483032,7.215845584869385,224.22683715820312,0.2797245532274246,0.2115011364221573
266,2026-09-01 12:47:46,train,9,full_training,1.9972704648971558,0.03054657205939293,252.0,1,0,0.22385001298971474,7.3236846923828125,2,32,1313,2496,relu,none,0.0,none,21008,he,5.945054133733113,3.1431682109832764,6,0.05,512,4.295394420623779,2.147710225068832,0.040229272391758046,0.0,,gaussian,cpu,cpu,8,,float32,none,small,clean,medium,cpu,small_model__clean_data__medium_volume,0.02,32,adam,1e-05,he,383.60638427734375,43.498985290527344,-657.4522705078125,107.92363739013672,17.540382385253906,187.92871742248536,4.608423709869385,4.478361129760742,3.2872419357299805,12.653206825256348,691.618896484375,0.4977734684944153,0.6697536110877991
267,2026-09-01 12:47:46,train,9,full_training,1.4576127529144287,0.04650271311402321,191.0,1,0,0.1773414729977958,8.176765441894531,2,32,1313,2496,relu,none,0.0,none,21008,orthogonal,4.154700259367625,2.899160146713257,6,0.05,512,4.295394420623779,2.147710225068832,0.040229272391758046,0.0,,gaussian,cpu,cpu,8,,float32,none,small,clean,medium,cpu,small_model__clean_data__medium_volume,0.02,32,adam,1e-05,orthogonal,108.75711059570312,13.442899703979492,-108.80413818359375,112.58201599121094,17.614818572998047,44.33353271484375,3.6112680435180664,3.4042184352874756,1.4397159814834595,6.092548370361328,129.15350341796875,0.2330949902534485,0.131159707903862
268,2026-09-01 12:47:46,train,10,full_training,1.031116008758545,0.04700703173875809,31.0,1,0,0.029232550004962832,4.519083023071289,2,32,1313,2496,relu,none,0.0,none,21008,xavier,4.628277778625488,2.699293613433838,6,0.2,320,1.7240447998046875,1.6912751121394067,0.05550766482272822,0.0,,gaussian,cpu,cpu,8,,float32,none,small,moderate,medium,cpu,small_model__moderate_data__medium_volume,0.02,32,adam,1e-05,xavier,180.12289428710938,8.830681800842285,-21.71605682373047,101.48707580566406,17.408430099487305,29.071784210205077,5.254852771759033,4.931421756744385,1.8605329990386963,2.4720683097839355,38.516048431396484,0.2637682855129242,0.19325705617666245
269,2026-09-01 12:47:46,train,10,full_training,1.2986831665039062,0.041494451463222504,32.0,1,0,0.02537560000200756,4.4348464012146,2,32,1313,2496,relu,none,0.0,none,21008,he,5.945054133733113,3.1431682109832764,6,0.2,320,1.7240447998046875,1.6912751121394067,0.05550766482272822,0.0,,gaussian,cpu,cpu,8,,float32,none,small,moderate,medium,cpu,small_model__moderate_data__medium_volume,0.02,32,adam,1e-05,he,383.60638427734375,17.454769134521484,-68.9501953125,101.48707580566406,17.408430099487305,83.0681755065918,5.254852771759033,4.931423187255859,3.310842514038086,4.286397457122803,111.54338073730469,0.46937908232212067,0.611980676651001
270,2026-09-01 12:47:46,train,10,full_training,1.1972335577011108,0.039875585585832596,41.0,1,0,0.036168944992823526,5.104657173156738,2,32,1313,2496,relu,none,0.0,none,21008,orthogonal,4.154700259367625,2.899160146713257,6,0.2,320,1.7240447998046875,1.6912751121394067,0.05550766482272822,0.0,,gaussian,cpu,cpu,8,,float32,none,small,moderate,medium,cpu,small_model__moderate_data__medium_volume,0.02,32,adam,1e-05,orthogonal,108.75711059570312,7.149406433105469,-27.733781814575195,113.24536895751953,18.212005615234375,15.89197359085083,3.7652535438537598,3.4243850708007812,1.4195621013641357,2.5232625007629395,30.146198272705078,0.20798806846141815,0.11173861846327782
271,2026-09-01 12:47:46,train,11,full_training,1.7836614847183228,0.036175310611724854,101.0,1,0,0.08789296797476709,6.12657356262207,2,32,1281,2432,relu,none,0.0,none,20496,xavier,4.337605396906535,2.741262674331665,5,0.05,448,1.8266726732254028,1.7201865834789176,0.048073602871294335,0.0,,gaussian,cpu,cpu,8,,float32,none,small,clean,medium,cpu,small_model__clean_data__medium_volume,0.02,32,adam,1e-05,xavier,116.72314453125,8.566312789916992,-28.23105239868164,101.69557189941406,16.79680061340332,44.548587799072266,3.80202054977417,3.47282338142395,1.7299317121505737,2.9715046882629395,38.26207733154297,0.22081128507852554,0.14502568170428276
272,2026-09-01 12:47:46,train,11,full_training,3.076526165008545,0.04263393208384514,108.0,1,0,0.09478801197838038,5.8750200271606445,2,32,1281,2432,relu,none,0.0,none,20496,he,5.668473839759827,3.066263437271118,5,0.05,448,1.8266726732254028,1.7201865834789176,0.048073602871294335,0.0,,gaussian,cpu,cpu,8,,float32,none,small,clean,medium,cpu,small_model__clean_data__medium_volume,0.02,32,adam,1e-05,he,268.70367431640625,22.44257926940918,-212.03341674804688,101.69557189941406,16.796796798706055,156.81328239440919,3.80202054977417,3.472820997238159,3.327589988708496,5.952200889587402,240.01736450195312,0.4247390180826187,0.5365950614213943
273,2026-09-01 12:47:46,train,11,full_training,1.6435776948928833,0.037699248641729355,100.0,1,0,0.08418404901749454,6.063332557678223,2,32,1281,2432,relu,none,0.0,none,20496,orthogonal,4.054092566172282,2.926488161087036,5,0.05,448,1.8266726732254028,1.7201865834789176,0.048073602871294335,0.0,,gaussian,cpu,cpu,8,,float32,none,small,clean,medium,cpu,small_model__clean_data__medium_volume,0.02,32,adam,1e-05,orthogonal,84.57994079589844,6.133212566375732,-15.63398551940918,95.05607604980469,16.554058074951172,33.46911106109619,2.6853270530700684,2.6191282272338867,1.320367455482483,2.4464526176452637,19.585371017456055,0.19061006605625153,0.10016928240656853
274,2026-09-01 12:47:46,train,12,full_training,7.0636677742004395,0.04940394312143326,60.0,1,0,0.051756141998339444,6.448729991912842,2,32,1249,2368,relu,none,0.0,none,19984,xavier,4.106595436731975,2.8521344661712646,4,0.1,256,3.025658369064331,1.9725028884386577,0.03518576401436803,0.0,,gaussian,cpu,cpu,8,,float32,none,small,moderate,low,cpu,small_model__moderate_data__low_volume,0.02,32,adam,1e-05,xavier,88.71050262451172,18.529043197631836,-223.07608032226562,58.456546783447266,14.103750228881836,0.9322993278503418,3.386683464050293,3.2221219539642334,1.620224952697754,7.497951507568359,33.83908462524414,0.19945696741342545,0.10667096450924873
275,2026-09-01 12:47:47,train,12,full_training,9.700758934020996,0.04738910496234894,77.0,1,0,0.06335770097211935,5.8576555252075195,2,32,1249,2368,relu,none,0.0,none,19984,he,5.400059739748637,2.908212184906006,4,0.1,256,3.025658369064331,1.9725028884386577,0.03518576401436803,0.0,,gaussian,cpu,cpu,8,,float32,none,small,moderate,low,cpu,small_model__moderate_data__low_volume,0.02,32,adam,1e-05,he,225.21484375,58.31663513183594,-1925.10595703125,58.456546783447266,14.103750228881836,56.435054016113284,3.386683225631714,3.222121477127075,3.437016010284424,17.860074996948242,233.8543701171875,0.42311209440231323,0.48001928627491
276,2026-09-01 12:47:47,train,12,full_training,6.775546073913574,0.048143357038497925,85.0,1,0,0.07626243800041266,6.565185070037842,2,32,1249,2368,relu,none,0.0,none,19984,orthogonal,3.9428090254465737,2.9643869400024414,4,0.1,256,3.025658369064331,1.9725028884386577,0.03518576401436803,0.0,,gaussian,cpu,cpu,8,,float32,none,small,moderate,low,cpu,small_model__moderate_data__low_volume,0.02,32,adam,1e-05,orthogonal,68.3827133178711,15.136015892028809,-160.50479125976562,70.67984771728516,15.2107515335083,1.0339091300964356,1.9778351783752441,1.9934062957763672,1.265527606010437,6.714831829071045,30.89814567565918,0.1823594942688942,0.07878066971898079
