trial_id,timestamp,run_label,seed,arm,trial_number,learning_rate,init_method,steps_to_threshold
1,2026-09-01 13:22:49,gate3b_restricted_search,105,reference,0,0.004430375245218269,xavier,269.0
2,2026-09-01 13:22:50,gate3b_restricted_search,105,reference,1,0.0018662266976517971,orthogonal,361.0
3,2026-09-01 13:22:50,gate3b_restricted_search,105,reference,2,0.07780155576901421,he,273.0
4,2026-09-01 13:22:50,gate3b_restricted_search,105,reference,3,0.005059803874660437,xavier,210.0
5,2026-09-01 13:22:51,gate3b_restricted_search,105,reference,4,0.00011498870747119459,orthogonal,1600.0
6,2026-09-01 13:22:52,gate3b_restricted_search,105,reference,5,0.08626905220714905,xavier,786.0
7,2026-09-01 13:22:52,gate3b_restricted_search,105,reference,6,0.00022637229697395497,orthogonal,1600.0
8,2026-09-01 13:22:53,gate3b_restricted_search,105,reference,7,0.0036774346621052147,orthogonal,280.0
9,2026-09-01 13:22:53,gate3b_restricted_search,105,reference,8,0.0023358825194833557,orthogonal,344.0
10,2026-09-01 13:22:53,gate3b_restricted_search,105,reference,9,0.006859416411328701,he,165.0
11,2026-09-01 13:22:53,gate3b_restricted_search,105,reference,10,0.019907506982928588,he,124.0
12,2026-09-01 13:22:54,gate3b_restricted_search,105,reference,11,0.020814104803987817,he,119.0
13,2026-09-01 13:22:54,gate3b_restricted_search,105,reference,12,0.021644937500336026,he,119.0
14,2026-09-01 13:22:54,gate3b_restricted_search,105,reference,13,0.020527514539894275,he,124.0
15,2026-09-01 13:22:54,gate3b_restricted_search,105,reference,14,0.021178889448851296,he,119.0
16,2026-09-01 13:22:55,gate3b_restricted_search,105,reference,15,0.000694465168883101,he,1600.0
17,2026-09-01 13:22:55,gate3b_restricted_search,105,reference,16,0.011599421468819674,he,165.0
18,2026-09-01 13:22:55,gate3b_restricted_search,105,reference,17,0.0385998309482012,he,130.0
19,2026-09-01 13:22:55,gate3b_restricted_search,105,reference,18,0.042140601439425406,he,123.0
20,2026-09-01 13:22:55,gate3b_restricted_search,105,reference,19,0.010284672764162348,he,165.0
21,2026-09-01 13:22:56,gate3b_restricted_search,105,reference,20,0.0009712798508231742,xavier,1600.0
22,2026-09-01 13:22:56,gate3b_restricted_search,105,reference,21,0.019944093242273486,he,124.0
23,2026-09-01 13:22:56,gate3b_restricted_search,105,reference,22,0.04589899866247784,he,133.0
24,2026-09-01 13:22:56,gate3b_restricted_search,105,reference,23,0.011855144358031231,he,165.0
25,2026-09-01 13:22:57,gate3b_restricted_search,105,reference,24,0.02590845460307929,he,130.0
26,2026-09-01 13:22:57,gate3b_restricted_search,105,reference,25,0.009263396141036433,he,165.0
27,2026-09-01 13:22:57,gate3b_restricted_search,105,reference,26,0.05216046206469252,he,321.0
28,2026-09-01 13:22:57,gate3b_restricted_search,105,reference,27,0.014073534254354876,he,145.0
29,2026-09-01 13:22:57,gate3b_restricted_search,105,reference,28,0.029884139767470782,xavier,123.0
30,2026-09-01 13:22:57,gate3b_restricted_search,105,reference,29,0.029070152298153844,xavier,100.0
31,2026-09-01 13:22:58,gate3b_restricted_search,105,reference,30,0.09865659655619732,xavier,188.0
32,2026-09-01 13:22:58,gate3b_restricted_search,105,reference,31,0.031064514245774826,xavier,123.0
33,2026-09-01 13:22:58,gate3b_restricted_search,105,reference,32,0.05598454615418031,xavier,133.0
34,2026-09-01 13:22:58,gate3b_restricted_search,105,reference,33,0.016049539517704863,xavier,147.0
35,2026-09-01 13:22:58,gate3b_restricted_search,105,reference,34,0.005428357124592598,xavier,210.0
36,2026-09-01 13:22:58,gate3b_restricted_search,105,reference,35,0.02996260180444567,xavier,134.0
37,2026-09-01 13:22:59,gate3b_restricted_search,105,reference,36,0.06239301656989437,xavier,170.0
38,2026-09-01 13:22:59,gate3b_restricted_search,105,reference,37,0.006150417216518726,xavier,210.0
39,2026-09-01 13:22:59,gate3b_restricted_search,105,reference,38,0.003703558350944436,xavier,280.0
40,2026-09-01 13:23:00,gate3b_restricted_search,105,reference,39,0.06908393773652001,orthogonal,423.0
41,2026-09-01 13:23:00,gate3b_restricted_search,105,cold,0,0.0017826497151386949,xavier,525.0
42,2026-09-01 13:23:01,gate3b_restricted_search,105,cold,1,0.0002755926764027377,orthogonal,1600.0
43,2026-09-01 13:23:01,gate3b_restricted_search,105,cold,2,0.0015498955191377143,orthogonal,525.0
44,2026-09-01 13:23:02,gate3b_restricted_search,105,cold,3,0.00041054120168588934,xavier,1600.0
45,2026-09-01 13:23:03,gate3b_restricted_search,105,cold,4,0.001786135519762597,xavier,525.0
46,2026-09-01 13:23:03,gate3b_restricted_search,105,cold,5,0.025248390936171015,xavier,100.0
47,2026-09-01 13:23:03,gate3b_restricted_search,105,cold,6,0.04257625486011382,xavier,188.0
48,2026-09-01 13:23:04,gate3b_restricted_search,105,cold,7,0.0003232148147351276,xavier,1600.0
49,2026-09-01 13:23:04,gate3b_restricted_search,105,cold,8,0.07475987911298648,he,255.0
50,2026-09-01 13:23:04,gate3b_restricted_search,105,cold,9,0.011468398705751582,xavier,154.0
51,2026-09-01 13:23:04,gate3b_restricted_search,105,cold,10,0.014576193863035302,he,145.0
52,2026-09-01 13:23:05,gate3b_restricted_search,105,cold,11,0.012710606512951533,he,198.0
53,2026-09-01 13:23:05,gate3b_restricted_search,105,cold,12,0.01307460150352353,he,154.0
54,2026-09-01 13:23:05,gate3b_restricted_search,105,cold,13,0.02617075331193701,he,157.0
55,2026-09-01 13:23:05,gate3b_restricted_search,105,cold,14,0.007277381843354179,he,165.0
56,2026-09-01 13:23:06,gate3b_restricted_search,105,informed_restricted,0,0.0017826497151386949,xavier,525.0
57,2026-09-01 13:23:06,gate3b_restricted_search,105,informed_restricted,1,0.01448683388723935,xavier,150.0
58,2026-09-01 13:23:06,gate3b_restricted_search,105,informed_restricted,2,0.00010007903854383786,xavier,1600.0
59,2026-09-01 13:23:07,gate3b_restricted_search,105,informed_restricted,3,0.0008072307884499761,xavier,1600.0
60,2026-09-01 13:23:08,gate3b_restricted_search,105,informed_restricted,4,0.0002755926764027377,xavier,1600.0
61,2026-09-01 13:23:08,gate3b_restricted_search,105,informed_restricted,5,0.00018924123965722266,xavier,1600.0
62,2026-09-01 13:23:09,gate3b_restricted_search,105,informed_restricted,6,0.0003620600725744741,xavier,1600.0
63,2026-09-01 13:23:10,gate3b_restricted_search,105,informed_restricted,7,0.001088133500363589,xavier,1600.0
64,2026-09-01 13:23:11,gate3b_restricted_search,105,informed_restricted,8,0.0015498955191377143,xavier,525.0
65,2026-09-01 13:23:11,gate3b_restricted_search,105,informed_restricted,9,0.00413475900783472,xavier,343.0
66,2026-09-01 13:23:11,gate3b_restricted_search,105,informed_restricted,10,0.09290791998691832,xavier,548.0
67,2026-09-01 13:23:12,gate3b_restricted_search,105,informed_restricted,11,0.011930383561222451,xavier,154.0
68,2026-09-01 13:23:12,gate3b_restricted_search,105,informed_restricted,12,0.016535107145461723,xavier,147.0
69,2026-09-01 13:23:12,gate3b_restricted_search,105,informed_restricted,13,0.022446911961699983,xavier,119.0
70,2026-09-01 13:23:12,gate3b_restricted_search,105,informed_restricted,14,0.05068980043440563,xavier,403.0
71,2026-09-01 13:23:13,gate3b_restricted_search,105,universal_restricted,0,0.0017826497151386949,xavier,525.0
72,2026-09-01 13:23:13,gate3b_restricted_search,105,universal_restricted,1,0.01448683388723935,xavier,150.0
73,2026-09-01 13:23:14,gate3b_restricted_search,105,universal_restricted,2,0.00010007903854383786,xavier,1600.0
74,2026-09-01 13:23:14,gate3b_restricted_search,105,universal_restricted,3,0.0008072307884499761,xavier,1600.0
75,2026-09-01 13:23:15,gate3b_restricted_search,105,universal_restricted,4,0.0002755926764027377,xavier,1600.0
76,2026-09-01 13:23:16,gate3b_restricted_search,105,universal_restricted,5,0.00018924123965722266,xavier,1600.0
77,2026-09-01 13:23:16,gate3b_restricted_search,105,universal_restricted,6,0.0003620600725744741,xavier,1600.0
78,2026-09-01 13:23:17,gate3b_restricted_search,105,universal_restricted,7,0.001088133500363589,xavier,1600.0
79,2026-09-01 13:23:18,gate3b_restricted_search,105,universal_restricted,8,0.0015498955191377143,xavier,525.0
80,2026-09-01 13:23:18,gate3b_restricted_search,105,universal_restricted,9,0.00413475900783472,xavier,343.0
81,2026-09-01 13:23:19,gate3b_restricted_search,105,universal_restricted,10,0.09290791998691832,xavier,548.0
82,2026-09-01 13:23:19,gate3b_restricted_search,105,universal_restricted,11,0.011930383561222451,xavier,154.0
83,2026-09-01 13:23:19,gate3b_restricted_search,105,universal_restricted,12,0.016535107145461723,xavier,147.0
84,2026-09-01 13:23:19,gate3b_restricted_search,105,universal_restricted,13,0.022446911961699983,xavier,119.0
85,2026-09-01 13:23:20,gate3b_restricted_search,105,universal_restricted,14,0.05068980043440563,xavier,403.0
86,2026-09-01 13:23:20,gate3b_restricted_search,112,reference,0,0.004430375245218269,xavier,89.0
87,2026-09-01 13:23:20,gate3b_restricted_search,112,reference,1,0.0018662266976517971,orthogonal,104.0
88,2026-09-01 13:23:20,gate3b_restricted_search,112,reference,2,0.07780155576901421,he,77.0
89,2026-09-01 13:23:20,gate3b_restricted_search,112,reference,3,0.005059803874660437,xavier,79.0
90,2026-09-01 13:23:21,gate3b_restricted_search,112,reference,4,0.00011498870747119459,orthogonal,1600.0
91,2026-09-01 13:23:21,gate3b_restricted_search,112,reference,5,0.08626905220714905,xavier,41.0
92,2026-09-01 13:23:21,gate3b_restricted_search,112,reference,6,0.00022637229697395497,orthogonal,545.0
93,2026-09-01 13:23:22,gate3b_restricted_search,112,reference,7,0.0036774346621052147,orthogonal,79.0
94,2026-09-01 13:23:22,gate3b_restricted_search,112,reference,8,0.0023358825194833557,orthogonal,104.0
95,2026-09-01 13:23:22,gate3b_restricted_search,112,reference,9,0.006859416411328701,he,89.0
96,2026-09-01 13:23:22,gate3b_restricted_search,112,reference,10,0.07162629642639848,xavier,41.0
97,2026-09-01 13:23:22,gate3b_restricted_search,112,reference,11,0.07216635702812188,xavier,28.0
98,2026-09-01 13:23:22,gate3b_restricted_search,112,reference,12,0.02365310875574803,xavier,64.0
99,2026-09-01 13:23:22,gate3b_restricted_search,112,reference,13,0.020534207875627673,xavier,51.0
100,2026-09-01 13:23:22,gate3b_restricted_search,112,reference,14,0.023951753262696922,xavier,64.0
101,2026-09-01 13:23:22,gate3b_restricted_search,112,reference,15,0.0839033390712048,xavier,77.0
102,2026-09-01 13:23:22,gate3b_restricted_search,112,reference,16,0.03927811376350381,xavier,57.0
103,2026-09-01 13:23:22,gate3b_restricted_search,112,reference,17,0.013518767635793709,he,42.0
104,2026-09-01 13:23:22,gate3b_restricted_search,112,reference,18,0.04075023934212166,xavier,56.0
105,2026-09-01 13:23:23,gate3b_restricted_search,112,reference,19,0.0010503533449916396,xavier,173.0
106,2026-09-01 13:23:23,gate3b_restricted_search,112,reference,20,0.010780634406666866,he,51.0
107,2026-09-01 13:23:23,gate3b_restricted_search,112,reference,21,0.09397627525560069,xavier,90.0
108,2026-09-01 13:23:23,gate3b_restricted_search,112,reference,22,0.050092157630370664,xavier,61.0
109,2026-09-01 13:23:23,gate3b_restricted_search,112,reference,23,0.04143715539486634,xavier,56.0
110,2026-09-01 13:23:23,gate3b_restricted_search,112,reference,24,0.06027812590299042,xavier,62.0
111,2026-09-01 13:23:23,gate3b_restricted_search,112,reference,25,0.030021662569003415,xavier,39.0
112,2026-09-01 13:23:23,gate3b_restricted_search,112,reference,26,0.013779224251472568,xavier,42.0
113,2026-09-01 13:23:23,gate3b_restricted_search,112,reference,27,0.028186111437980207,xavier,34.0
114,2026-09-01 13:23:23,gate3b_restricted_search,112,reference,28,0.018493781386130104,he,51.0
115,2026-09-01 13:23:23,gate3b_restricted_search,112,reference,29,0.0077283175197161704,xavier,51.0
116,2026-09-01 13:23:23,gate3b_restricted_search,112,reference,30,0.09865659655619732,xavier,89.0
117,2026-09-01 13:23:23,gate3b_restricted_search,112,reference,31,0.031157632552587314,xavier,39.0
118,2026-09-01 13:23:23,gate3b_restricted_search,112,reference,32,0.029027389303945113,xavier,34.0
119,2026-09-01 13:23:23,gate3b_restricted_search,112,reference,33,0.055367872043347775,xavier,69.0
120,2026-09-01 13:23:24,gate3b_restricted_search,112,reference,34,0.05673863689639055,xavier,62.0
121,2026-09-01 13:23:24,gate3b_restricted_search,112,reference,35,0.01593501163706345,xavier,51.0
122,2026-09-01 13:23:24,gate3b_restricted_search,112,reference,36,0.030195380998848942,orthogonal,57.0
123,2026-09-01 13:23:24,gate3b_restricted_search,112,reference,37,0.009223198129592516,xavier,51.0
124,2026-09-01 13:23:24,gate3b_restricted_search,112,reference,38,0.00036028819984949644,orthogonal,391.0
125,2026-09-01 13:23:24,gate3b_restricted_search,112,reference,39,0.06905061795233537,he,61.0
126,2026-09-01 13:23:24,gate3b_restricted_search,112,cold,0,0.0017826497151386949,xavier,134.0
127,2026-09-01 13:23:25,gate3b_restricted_search,112,cold,1,0.0002755926764027377,orthogonal,545.0
128,2026-09-01 13:23:25,gate3b_restricted_search,112,cold,2,0.0015498955191377143,orthogonal,104.0
129,2026-09-01 13:23:25,gate3b_restricted_search,112,cold,3,0.00041054120168588934,xavier,421.0
130,2026-09-01 13:23:26,gate3b_restricted_search,112,cold,4,0.001786135519762597,xavier,134.0
131,2026-09-01 13:23:26,gate3b_restricted_search,112,cold,5,0.025248390936171015,xavier,51.0
132,2026-09-01 13:23:26,gate3b_restricted_search,112,cold,6,0.04257625486011382,xavier,39.0
133,2026-09-01 13:23:26,gate3b_restricted_search,112,cold,7,0.0003232148147351276,xavier,534.0
134,2026-09-01 13:23:26,gate3b_restricted_search,112,cold,8,0.07475987911298648,he,61.0
135,2026-09-01 13:23:26,gate3b_restricted_search,112,cold,9,0.011468398705751582,xavier,51.0
136,2026-09-01 13:23:26,gate3b_restricted_search,112,cold,10,0.09344501034181055,he,56.0
137,2026-09-01 13:23:27,gate3b_restricted_search,112,cold,11,0.021361236429000122,xavier,69.0
138,2026-09-01 13:23:27,gate3b_restricted_search,112,cold,12,0.018729908809075033,xavier,51.0
139,2026-09-01 13:23:27,gate3b_restricted_search,112,cold,13,0.00728316494133813,xavier,51.0
140,2026-09-01 13:23:27,gate3b_restricted_search,112,cold,14,0.039131135779775145,orthogonal,31.0
141,2026-09-01 13:23:27,gate3b_restricted_search,112,informed_restricted,0,0.0017826497151386949,orthogonal,104.0
142,2026-09-01 13:23:27,gate3b_restricted_search,112,informed_restricted,1,0.01448683388723935,orthogonal,39.0
143,2026-09-01 13:23:28,gate3b_restricted_search,112,informed_restricted,2,0.00010007903854383786,orthogonal,1600.0
144,2026-09-01 13:23:28,gate3b_restricted_search,112,informed_restricted,3,0.0008072307884499761,orthogonal,240.0
145,2026-09-01 13:23:29,gate3b_restricted_search,112,informed_restricted,4,0.0002755926764027377,orthogonal,545.0
146,2026-09-01 13:23:30,gate3b_restricted_search,112,informed_restricted,5,0.00018924123965722266,orthogonal,730.0
147,2026-09-01 13:23:30,gate3b_restricted_search,112,informed_restricted,6,0.0003620600725744741,orthogonal,391.0
148,2026-09-01 13:23:30,gate3b_restricted_search,112,informed_restricted,7,0.001088133500363589,orthogonal,203.0
149,2026-09-01 13:23:30,gate3b_restricted_search,112,informed_restricted,8,0.0015498955191377143,orthogonal,104.0
150,2026-09-01 13:23:30,gate3b_restricted_search,112,informed_restricted,9,0.00413475900783472,orthogonal,79.0
151,2026-09-01 13:23:30,gate3b_restricted_search,112,informed_restricted,10,0.09290791998691832,orthogonal,49.0
152,2026-09-01 13:23:30,gate3b_restricted_search,112,informed_restricted,11,0.07785058870653301,orthogonal,36.0
153,2026-09-01 13:23:30,gate3b_restricted_search,112,informed_restricted,12,0.0464700795252923,orthogonal,52.0
154,2026-09-01 13:23:30,gate3b_restricted_search,112,informed_restricted,13,0.016334733956465577,orthogonal,33.0
155,2026-09-01 13:23:30,gate3b_restricted_search,112,informed_restricted,14,0.016576649490628956,orthogonal,33.0
156,2026-09-01 13:23:31,gate3b_restricted_search,112,universal_restricted,0,0.0017826497151386949,xavier,134.0
157,2026-09-01 13:23:31,gate3b_restricted_search,112,universal_restricted,1,0.01448683388723935,xavier,39.0
158,2026-09-01 13:23:31,gate3b_restricted_search,112,universal_restricted,2,0.00010007903854383786,xavier,1600.0
159,2026-09-01 13:23:32,gate3b_restricted_search,112,universal_restricted,3,0.0008072307884499761,xavier,220.0
160,2026-09-01 13:23:32,gate3b_restricted_search,112,universal_restricted,4,0.0002755926764027377,xavier,579.0
161,2026-09-01 13:23:33,gate3b_restricted_search,112,universal_restricted,5,0.00018924123965722266,xavier,746.0
162,2026-09-01 13:23:33,gate3b_restricted_search,112,universal_restricted,6,0.0003620600725744741,xavier,472.0
163,2026-09-01 13:23:33,gate3b_restricted_search,112,universal_restricted,7,0.001088133500363589,xavier,173.0
164,2026-09-01 13:23:33,gate3b_restricted_search,112,universal_restricted,8,0.0015498955191377143,xavier,143.0
165,2026-09-01 13:23:34,gate3b_restricted_search,112,universal_restricted,9,0.00413475900783472,xavier,89.0
166,2026-09-01 13:23:34,gate3b_restricted_search,112,universal_restricted,10,0.09290791998691832,xavier,77.0
167,2026-09-01 13:23:34,gate3b_restricted_search,112,universal_restricted,11,0.07785058870653301,xavier,98.0
168,2026-09-01 13:23:34,gate3b_restricted_search,112,universal_restricted,12,0.0797234062203645,xavier,89.0
169,2026-09-01 13:23:34,gate3b_restricted_search,112,universal_restricted,13,0.017223705768801514,xavier,51.0
170,2026-09-01 13:23:34,gate3b_restricted_search,112,universal_restricted,14,0.01553710788150454,xavier,39.0
171,2026-09-01 13:23:34,gate3b_restricted_search,117,reference,0,0.004430375245218269,xavier,181.0
172,2026-09-01 13:23:35,gate3b_restricted_search,117,reference,1,0.0018662266976517971,orthogonal,620.0
173,2026-09-01 13:23:35,gate3b_restricted_search,117,reference,2,0.07780155576901421,he,272.0
174,2026-09-01 13:23:35,gate3b_restricted_search,117,reference,3,0.005059803874660437,xavier,181.0
175,2026-09-01 13:23:36,gate3b_restricted_search,117,reference,4,0.00011498870747119459,orthogonal,1600.0
176,2026-09-01 13:23:36,gate3b_restricted_search,117,reference,5,0.08626905220714905,xavier,222.0
177,2026-09-01 13:23:37,gate3b_restricted_search,117,reference,6,0.00022637229697395497,orthogonal,1600.0
178,2026-09-01 13:23:38,gate3b_restricted_search,117,reference,7,0.0036774346621052147,orthogonal,393.0
179,2026-09-01 13:23:38,gate3b_restricted_search,117,reference,8,0.0023358825194833557,orthogonal,461.0
180,2026-09-01 13:23:38,gate3b_restricted_search,117,reference,9,0.006859416411328701,he,181.0
181,2026-09-01 13:23:38,gate3b_restricted_search,117,reference,10,0.019907506982928588,xavier,155.0
182,2026-09-01 13:23:38,gate3b_restricted_search,117,reference,11,0.020814104803987817,xavier,155.0
183,2026-09-01 13:23:39,gate3b_restricted_search,117,reference,12,0.021644937500336026,xavier,181.0
184,2026-09-01 13:23:39,gate3b_restricted_search,117,reference,13,0.020527514539894275,xavier,155.0
185,2026-09-01 13:23:39,gate3b_restricted_search,117,reference,14,0.021178889448851296,xavier,155.0
186,2026-09-01 13:23:40,gate3b_restricted_search,117,reference,15,0.000694465168883101,xavier,1600.0
187,2026-09-01 13:23:40,gate3b_restricted_search,117,reference,16,0.011599421468819674,xavier,212.0
188,2026-09-01 13:23:40,gate3b_restricted_search,117,reference,17,0.0385998309482012,he,160.0
189,2026-09-01 13:23:40,gate3b_restricted_search,117,reference,18,0.042140601439425406,xavier,183.0
190,2026-09-01 13:23:40,gate3b_restricted_search,117,reference,19,0.010284672764162348,xavier,203.0
191,2026-09-01 13:23:41,gate3b_restricted_search,117,reference,20,0.0009712798508231742,he,1600.0
192,2026-09-01 13:23:41,gate3b_restricted_search,117,reference,21,0.019944093242273486,xavier,154.0
193,2026-09-01 13:23:41,gate3b_restricted_search,117,reference,22,0.04405819431174489,xavier,203.0
194,2026-09-01 13:23:41,gate3b_restricted_search,117,reference,23,0.011122218398527785,xavier,212.0
195,2026-09-01 13:23:42,gate3b_restricted_search,117,reference,24,0.02590845460307929,xavier,155.0
196,2026-09-01 13:23:42,gate3b_restricted_search,117,reference,25,0.03740834337692178,xavier,197.0
197,2026-09-01 13:23:42,gate3b_restricted_search,117,reference,26,0.013185121891359217,xavier,160.0
198,2026-09-01 13:23:42,gate3b_restricted_search,117,reference,27,0.06821938748782813,xavier,186.0
199,2026-09-01 13:23:42,gate3b_restricted_search,117,reference,28,0.007521900645804681,xavier,217.0
200,2026-09-01 13:23:42,gate3b_restricted_search,117,reference,29,0.026669510701196747,he,155.0
201,2026-09-01 13:23:43,gate3b_restricted_search,117,reference,30,0.05535819092085662,he,203.0
202,2026-09-01 13:23:43,gate3b_restricted_search,117,reference,31,0.02821172243916452,he,155.0
203,2026-09-01 13:23:43,gate3b_restricted_search,117,reference,32,0.016110760131047064,he,181.0
204,2026-09-01 13:23:43,gate3b_restricted_search,117,reference,33,0.029337907058589897,he,170.0
205,2026-09-01 13:23:43,gate3b_restricted_search,117,reference,34,0.09558760159384881,he,203.0
206,2026-09-01 13:23:44,gate3b_restricted_search,117,reference,35,0.004694939362741506,xavier,181.0
207,2026-09-01 13:23:44,gate3b_restricted_search,117,reference,36,0.006812539318505415,orthogonal,227.0
208,2026-09-01 13:23:44,gate3b_restricted_search,117,reference,37,0.055976812647588914,xavier,209.0
209,2026-09-01 13:23:44,gate3b_restricted_search,117,reference,38,0.029556778885558962,he,188.0
210,2026-09-01 13:23:44,gate3b_restricted_search,117,reference,39,0.01564431401743933,orthogonal,212.0
211,2026-09-01 13:23:45,gate3b_restricted_search,117,cold,0,0.0017826497151386949,xavier,536.0
212,2026-09-01 13:23:45,gate3b_restricted_search,117,cold,1,0.0002755926764027377,orthogonal,1600.0
213,2026-09-01 13:23:46,gate3b_restricted_search,117,cold,2,0.0015498955191377143,orthogonal,650.0
214,2026-09-01 13:23:47,gate3b_restricted_search,117,cold,3,0.00041054120168588934,xavier,1600.0
215,2026-09-01 13:23:47,gate3b_restricted_search,117,cold,4,0.001786135519762597,xavier,536.0
216,2026-09-01 13:23:47,gate3b_restricted_search,117,cold,5,0.025248390936171015,xavier,155.0
217,2026-09-01 13:23:48,gate3b_restricted_search,117,cold,6,0.04257625486011382,xavier,170.0
218,2026-09-01 13:23:49,gate3b_restricted_search,117,cold,7,0.0003232148147351276,xavier,1600.0
219,2026-09-01 13:23:49,gate3b_restricted_search,117,cold,8,0.07475987911298648,he,237.0
220,2026-09-01 13:23:49,gate3b_restricted_search,117,cold,9,0.011468398705751582,xavier,212.0
221,2026-09-01 13:23:49,gate3b_restricted_search,117,cold,10,0.014576193863035302,he,203.0
222,2026-09-01 13:23:50,gate3b_restricted_search,117,cold,11,0.0797234062203645,xavier,261.0
223,2026-09-01 13:23:50,gate3b_restricted_search,117,cold,12,0.018729908809075033,xavier,105.0
224,2026-09-01 13:23:50,gate3b_restricted_search,117,cold,13,0.016983851798071364,xavier,155.0
225,2026-09-01 13:23:50,gate3b_restricted_search,117,cold,14,0.007330807339450185,orthogonal,217.0
226,2026-09-01 13:23:51,gate3b_restricted_search,117,informed_restricted,0,0.0017826497151386949,he,590.0
227,2026-09-01 13:23:51,gate3b_restricted_search,117,informed_restricted,1,0.01448683388723935,he,203.0
228,2026-09-01 13:23:51,gate3b_restricted_search,117,informed_restricted,2,0.00010007903854383786,he,1600.0
229,2026-09-01 13:23:52,gate3b_restricted_search,117,informed_restricted,3,0.0008072307884499761,he,1600.0
230,2026-09-01 13:23:53,gate3b_restricted_search,117,informed_restricted,4,0.0002755926764027377,he,1600.0
231,2026-09-01 13:23:54,gate3b_restricted_search,117,informed_restricted,5,0.00018924123965722266,he,1600.0
232,2026-09-01 13:23:54,gate3b_restricted_search,117,informed_restricted,6,0.0003620600725744741,he,1600.0
233,2026-09-01 13:23:55,gate3b_restricted_search,117,informed_restricted,7,0.001088133500363589,he,650.0
234,2026-09-01 13:23:56,gate3b_restricted_search,117,informed_restricted,8,0.0015498955191377143,he,590.0
235,2026-09-01 13:23:56,gate3b_restricted_search,117,informed_restricted,9,0.00413475900783472,he,306.0
236,2026-09-01 13:23:56,gate3b_restricted_search,117,informed_restricted,10,0.09290791998691832,he,292.0
237,2026-09-01 13:23:56,gate3b_restricted_search,117,informed_restricted,11,0.07785058870653301,he,270.0
238,2026-09-01 13:23:57,gate3b_restricted_search,117,informed_restricted,12,0.0464700795252923,he,203.0
239,2026-09-01 13:23:57,gate3b_restricted_search,117,informed_restricted,13,0.01780718886107045,he,181.0
240,2026-09-01 13:23:57,gate3b_restricted_search,117,informed_restricted,14,0.014982860510555399,he,181.0
241,2026-09-01 13:23:57,gate3b_restricted_search,117,universal_restricted,0,0.0017826497151386949,xavier,536.0
242,2026-09-01 13:23:57,gate3b_restricted_search,117,universal_restricted,1,0.01448683388723935,xavier,160.0
243,2026-09-01 13:23:59,gate3b_restricted_search,117,universal_restricted,2,0.00010007903854383786,xavier,1600.0
244,2026-09-01 13:24:00,gate3b_restricted_search,117,universal_restricted,3,0.0008072307884499761,xavier,1600.0
245,2026-09-01 13:24:01,gate3b_restricted_search,117,universal_restricted,4,0.0002755926764027377,xavier,1600.0
246,2026-09-01 13:24:01,gate3b_restricted_search,117,universal_restricted,5,0.00018924123965722266,xavier,1600.0
247,2026-09-01 13:24:02,gate3b_restricted_search,117,universal_restricted,6,0.0003620600725744741,xavier,1600.0
248,2026-09-01 13:24:03,gate3b_restricted_search,117,universal_restricted,7,0.001088133500363589,xavier,650.0
249,2026-09-01 13:24:04,gate3b_restricted_search,117,universal_restricted,8,0.0015498955191377143,xavier,590.0
250,2026-09-01 13:24:04,gate3b_restricted_search,117,universal_restricted,9,0.00413475900783472,xavier,181.0
251,2026-09-01 13:24:04,gate3b_restricted_search,117,universal_restricted,10,0.09290791998691832,xavier,203.0
252,2026-09-01 13:24:04,gate3b_restricted_search,117,universal_restricted,11,0.011930383561222451,xavier,212.0
253,2026-09-01 13:24:04,gate3b_restricted_search,117,universal_restricted,12,0.015093357760941058,xavier,160.0
254,2026-09-01 13:24:05,gate3b_restricted_search,117,universal_restricted,13,0.021230724496266177,xavier,155.0
255,2026-09-01 13:24:05,gate3b_restricted_search,117,universal_restricted,14,0.04969685279085714,xavier,170.0
256,2026-09-01 13:24:05,gate3b_restricted_search,127,reference,0,0.004430375245218269,xavier,43.0
257,2026-09-01 13:24:05,gate3b_restricted_search,127,reference,1,0.0018662266976517971,orthogonal,43.0
258,2026-09-01 13:24:05,gate3b_restricted_search,127,reference,2,0.07780155576901421,he,43.0
259,2026-09-01 13:24:05,gate3b_restricted_search,127,reference,3,0.005059803874660437,xavier,31.0
260,2026-09-01 13:24:06,gate3b_restricted_search,127,reference,4,0.00011498870747119459,orthogonal,723.0
261,2026-09-01 13:24:06,gate3b_restricted_search,127,reference,5,0.08626905220714905,xavier,69.0
262,2026-09-01 13:24:07,gate3b_restricted_search,127,reference,6,0.00022637229697395497,orthogonal,392.0
263,2026-09-01 13:24:07,gate3b_restricted_search,127,reference,7,0.0036774346621052147,orthogonal,38.0
264,2026-09-01 13:24:07,gate3b_restricted_search,127,reference,8,0.0023358825194833557,orthogonal,69.0
265,2026-09-01 13:24:07,gate3b_restricted_search,127,reference,9,0.006859416411328701,he,22.0
266,2026-09-01 13:24:07,gate3b_restricted_search,127,reference,10,0.019907506982928588,he,43.0
267,2026-09-01 13:24:07,gate3b_restricted_search,127,reference,11,0.015641764792823365,xavier,22.0
268,2026-09-01 13:24:07,gate3b_restricted_search,127,reference,12,0.016044606150810846,he,69.0
269,2026-09-01 13:24:07,gate3b_restricted_search,127,reference,13,0.015769071584025966,he,69.0
270,2026-09-01 13:24:08,gate3b_restricted_search,127,reference,14,0.0008619247845699831,xavier,111.0
271,2026-09-01 13:24:08,gate3b_restricted_search,127,reference,15,0.031488332841565325,he,31.0
272,2026-09-01 13:24:08,gate3b_restricted_search,127,reference,16,0.009442165317276308,xavier,31.0
273,2026-09-01 13:24:08,gate3b_restricted_search,127,reference,17,0.0007533043803864485,he,80.0
274,2026-09-01 13:24:08,gate3b_restricted_search,127,reference,18,0.039340118840409874,xavier,43.0
275,2026-09-01 13:24:08,gate3b_restricted_search,127,reference,19,0.008375797875446372,he,36.0
276,2026-09-01 13:24:08,gate3b_restricted_search,127,reference,20,0.0009712798508231742,xavier,111.0
277,2026-09-01 13:24:08,gate3b_restricted_search,127,reference,21,0.009614451093723308,xavier,31.0
278,2026-09-01 13:24:09,gate3b_restricted_search,127,reference,22,0.008552255430198255,xavier,38.0
279,2026-09-01 13:24:09,gate3b_restricted_search,127,reference,23,0.035347165360272624,xavier,33.0
280,2026-09-01 13:24:09,gate3b_restricted_search,127,reference,24,0.007278494209576919,xavier,24.0
281,2026-09-01 13:24:09,gate3b_restricted_search,127,reference,25,0.0021811605100256594,xavier,43.0
282,2026-09-01 13:24:09,gate3b_restricted_search,127,reference,26,0.005783110048879103,he,22.0
283,2026-09-01 13:24:09,gate3b_restricted_search,127,reference,27,0.02160211504239585,he,43.0
284,2026-09-01 13:24:09,gate3b_restricted_search,127,reference,28,0.054634125928425224,he,31.0
285,2026-09-01 13:24:09,gate3b_restricted_search,127,reference,29,0.003585093283880219,he,31.0
286,2026-09-01 13:24:09,gate3b_restricted_search,127,reference,30,0.0013906315903497702,he,41.0
287,2026-09-01 13:24:09,gate3b_restricted_search,127,reference,31,0.0055224069124527935,xavier,31.0
288,2026-09-01 13:24:09,gate3b_restricted_search,127,reference,32,0.013110174408704876,he,43.0
289,2026-09-01 13:24:09,gate3b_restricted_search,127,reference,33,0.00608373088704399,xavier,31.0
290,2026-09-01 13:24:09,gate3b_restricted_search,127,reference,34,0.0031319399913792892,he,23.0
291,2026-09-01 13:24:09,gate3b_restricted_search,127,reference,35,0.0037878784356095876,he,31.0
292,2026-09-01 13:24:09,gate3b_restricted_search,127,reference,36,0.002508771947568082,he,31.0
293,2026-09-01 13:24:09,gate3b_restricted_search,127,reference,37,0.0014846472988074581,he,41.0
294,2026-09-01 13:24:10,gate3b_restricted_search,127,reference,38,0.00036028819984949644,orthogonal,213.0
295,2026-09-01 13:24:10,gate3b_restricted_search,127,reference,39,0.0031085940036842904,he,23.0
296,2026-09-01 13:24:10,gate3b_restricted_search,127,cold,0,0.0017826497151386949,xavier,89.0
297,2026-09-01 13:24:11,gate3b_restricted_search,127,cold,1,0.0002755926764027377,orthogonal,338.0
298,2026-09-01 13:24:11,gate3b_restricted_search,127,cold,2,0.0015498955191377143,orthogonal,98.0
299,2026-09-01 13:24:11,gate3b_restricted_search,127,cold,3,0.00041054120168588934,xavier,213.0
300,2026-09-01 13:24:12,gate3b_restricted_search,127,cold,4,0.001786135519762597,xavier,89.0
301,2026-09-01 13:24:12,gate3b_restricted_search,127,cold,5,0.025248390936171015,xavier,55.0
302,2026-09-01 13:24:12,gate3b_restricted_search,127,cold,6,0.04257625486011382,xavier,43.0
303,2026-09-01 13:24:12,gate3b_restricted_search,127,cold,7,0.0003232148147351276,xavier,213.0
304,2026-09-01 13:24:12,gate3b_restricted_search,127,cold,8,0.07475987911298648,he,43.0
305,2026-09-01 13:24:12,gate3b_restricted_search,127,cold,9,0.011468398705751582,xavier,41.0
306,2026-09-01 13:24:12,gate3b_restricted_search,127,cold,10,0.09358002303673958,he,43.0
307,2026-09-01 13:24:13,gate3b_restricted_search,127,cold,11,0.010179338227279811,he,31.0
308,2026-09-01 13:24:13,gate3b_restricted_search,127,cold,12,0.007297842788123386,he,23.0
309,2026-09-01 13:24:13,gate3b_restricted_search,127,cold,13,0.009051125389593996,he,31.0
310,2026-09-01 13:24:13,gate3b_restricted_search,127,cold,14,0.006309922754320114,he,22.0
311,2026-09-01 13:24:13,gate3b_restricted_search,127,informed_restricted,0,0.0017826497151386949,orthogonal,43.0
312,2026-09-01 13:24:13,gate3b_restricted_search,127,informed_restricted,1,0.01448683388723935,orthogonal,31.0
313,2026-09-01 13:24:14,gate3b_restricted_search,127,informed_restricted,2,0.00010007903854383786,orthogonal,1600.0
314,2026-09-01 13:24:14,gate3b_restricted_search,127,informed_restricted,3,0.0008072307884499761,orthogonal,131.0
315,2026-09-01 13:24:15,gate3b_restricted_search,127,informed_restricted,4,0.0002755926764027377,orthogonal,338.0
316,2026-09-01 13:24:15,gate3b_restricted_search,127,informed_restricted,5,0.00018924123965722266,orthogonal,399.0
317,2026-09-01 13:24:16,gate3b_restricted_search,127,informed_restricted,6,0.0003620600725744741,orthogonal,213.0
318,2026-09-01 13:24:16,gate3b_restricted_search,127,informed_restricted,7,0.001088133500363589,orthogonal,98.0
319,2026-09-01 13:24:16,gate3b_restricted_search,127,informed_restricted,8,0.0015498955191377143,orthogonal,98.0
320,2026-09-01 13:24:16,gate3b_restricted_search,127,informed_restricted,9,0.00413475900783472,orthogonal,56.0
321,2026-09-01 13:24:16,gate3b_restricted_search,127,informed_restricted,10,0.09290791998691832,orthogonal,85.0
322,2026-09-01 13:24:16,gate3b_restricted_search,127,informed_restricted,11,0.012973330597331065,orthogonal,36.0
323,2026-09-01 13:24:16,gate3b_restricted_search,127,informed_restricted,12,0.016535107145461723,orthogonal,31.0
324,2026-09-01 13:24:16,gate3b_restricted_search,127,informed_restricted,13,0.022446911961699983,orthogonal,43.0
325,2026-09-01 13:24:16,gate3b_restricted_search,127,informed_restricted,14,0.01553710788150454,orthogonal,31.0
326,2026-09-01 13:24:17,gate3b_restricted_search,127,universal_restricted,0,0.0017826497151386949,xavier,89.0
327,2026-09-01 13:24:17,gate3b_restricted_search,127,universal_restricted,1,0.01448683388723935,xavier,22.0
328,2026-09-01 13:24:17,gate3b_restricted_search,127,universal_restricted,2,0.00010007903854383786,xavier,784.0
329,2026-09-01 13:24:18,gate3b_restricted_search,127,universal_restricted,3,0.0008072307884499761,xavier,111.0
330,2026-09-01 13:24:18,gate3b_restricted_search,127,universal_restricted,4,0.0002755926764027377,xavier,341.0
331,2026-09-01 13:24:19,gate3b_restricted_search,127,universal_restricted,5,0.00018924123965722266,xavier,458.0
332,2026-09-01 13:24:19,gate3b_restricted_search,127,universal_restricted,6,0.0003620600725744741,xavier,213.0
333,2026-09-01 13:24:19,gate3b_restricted_search,127,universal_restricted,7,0.001088133500363589,xavier,105.0
334,2026-09-01 13:24:20,gate3b_restricted_search,127,universal_restricted,8,0.0015498955191377143,xavier,89.0
335,2026-09-01 13:24:20,gate3b_restricted_search,127,universal_restricted,9,0.00413475900783472,xavier,43.0
336,2026-09-01 13:24:20,gate3b_restricted_search,127,universal_restricted,10,0.09290791998691832,xavier,31.0
337,2026-09-01 13:24:20,gate3b_restricted_search,127,universal_restricted,11,0.07785058870653301,xavier,41.0
338,2026-09-01 13:24:20,gate3b_restricted_search,127,universal_restricted,12,0.0797234062203645,xavier,41.0
339,2026-09-01 13:24:20,gate3b_restricted_search,127,universal_restricted,13,0.017223705768801514,xavier,31.0
340,2026-09-01 13:24:20,gate3b_restricted_search,127,universal_restricted,14,0.02354874493860281,xavier,41.0
341,2026-09-01 13:24:20,gate3b_restricted_search,133,reference,0,0.004430375245218269,xavier,52.0
342,2026-09-01 13:24:21,gate3b_restricted_search,133,reference,1,0.0018662266976517971,orthogonal,71.0
343,2026-09-01 13:24:21,gate3b_restricted_search,133,reference,2,0.07780155576901421,he,40.0
344,2026-09-01 13:24:21,gate3b_restricted_search,133,reference,3,0.005059803874660437,xavier,52.0
345,2026-09-01 13:24:22,gate3b_restricted_search,133,reference,4,0.00011498870747119459,orthogonal,1600.0
346,2026-09-01 13:24:22,gate3b_restricted_search,133,reference,5,0.08626905220714905,xavier,27.0
347,2026-09-01 13:24:23,gate3b_restricted_search,133,reference,6,0.00022637229697395497,orthogonal,507.0
348,2026-09-01 13:24:23,gate3b_restricted_search,133,reference,7,0.0036774346621052147,orthogonal,51.0
349,2026-09-01 13:24:23,gate3b_restricted_search,133,reference,8,0.0023358825194833557,orthogonal,70.0
350,2026-09-01 13:24:23,gate3b_restricted_search,133,reference,9,0.006859416411328701,he,56.0
351,2026-09-01 13:24:23,gate3b_restricted_search,133,reference,10,0.07162629642639848,xavier,27.0
352,2026-09-01 13:24:23,gate3b_restricted_search,133,reference,11,0.07216635702812188,xavier,27.0
353,2026-09-01 13:24:23,gate3b_restricted_search,133,reference,12,0.02365310875574803,xavier,29.0
354,2026-09-01 13:24:23,gate3b_restricted_search,133,reference,13,0.020534207875627673,xavier,31.0
355,2026-09-01 13:24:23,gate3b_restricted_search,133,reference,14,0.023951753262696922,xavier,29.0
356,2026-09-01 13:24:24,gate3b_restricted_search,133,reference,15,0.0839033390712048,xavier,27.0
357,2026-09-01 13:24:24,gate3b_restricted_search,133,reference,16,0.03927811376350381,xavier,27.0
358,2026-09-01 13:24:24,gate3b_restricted_search,133,reference,17,0.013518767635793709,he,29.0
359,2026-09-01 13:24:24,gate3b_restricted_search,133,reference,18,0.0393649882569317,xavier,27.0
360,2026-09-01 13:24:24,gate3b_restricted_search,133,reference,19,0.011984787579315016,xavier,27.0
361,2026-09-01 13:24:24,gate3b_restricted_search,133,reference,20,0.0009712798508231742,he,195.0
362,2026-09-01 13:24:24,gate3b_restricted_search,133,reference,21,0.009411437819487199,xavier,32.0
363,2026-09-01 13:24:24,gate3b_restricted_search,133,reference,22,0.039492920018877095,xavier,27.0
364,2026-09-01 13:24:24,gate3b_restricted_search,133,reference,23,0.04143715539486634,xavier,27.0
365,2026-09-01 13:24:24,gate3b_restricted_search,133,reference,24,0.010846899440410285,xavier,29.0
366,2026-09-01 13:24:24,gate3b_restricted_search,133,reference,25,0.017181266584791313,xavier,32.0
367,2026-09-01 13:24:24,gate3b_restricted_search,133,reference,26,0.047654370741848494,xavier,27.0
368,2026-09-01 13:24:24,gate3b_restricted_search,133,reference,27,0.027597772485757403,xavier,27.0
369,2026-09-01 13:24:24,gate3b_restricted_search,133,reference,28,0.0924810413933908,he,43.0
370,2026-09-01 13:24:24,gate3b_restricted_search,133,reference,29,0.006816384595663999,xavier,38.0
371,2026-09-01 13:24:25,gate3b_restricted_search,133,reference,30,0.0005066595826217725,xavier,265.0
372,2026-09-01 13:24:25,gate3b_restricted_search,133,reference,31,0.055145322692982966,xavier,27.0
373,2026-09-01 13:24:25,gate3b_restricted_search,133,reference,32,0.03078882788973048,xavier,23.0
374,2026-09-01 13:24:25,gate3b_restricted_search,133,reference,33,0.016078217262441196,xavier,29.0
375,2026-09-01 13:24:25,gate3b_restricted_search,133,reference,34,0.03848686347585177,xavier,27.0
376,2026-09-01 13:24:25,gate3b_restricted_search,133,reference,35,0.025534903600640278,xavier,27.0
377,2026-09-01 13:24:25,gate3b_restricted_search,133,reference,36,0.009874240956925705,orthogonal,27.0
378,2026-09-01 13:24:25,gate3b_restricted_search,133,reference,37,0.0036943645257973214,orthogonal,51.0
379,2026-09-01 13:24:25,gate3b_restricted_search,133,reference,38,0.0022068575950315783,orthogonal,71.0
380,2026-09-01 13:24:25,gate3b_restricted_search,133,reference,39,0.005910658622499619,orthogonal,34.0
381,2026-09-01 13:24:25,gate3b_restricted_search,133,cold,0,0.0017826497151386949,xavier,88.0
382,2026-09-01 13:24:26,gate3b_restricted_search,133,cold,1,0.0002755926764027377,orthogonal,424.0
383,2026-09-01 13:24:26,gate3b_restricted_search,133,cold,2,0.0015498955191377143,orthogonal,99.0
384,2026-09-01 13:24:26,gate3b_restricted_search,133,cold,3,0.00041054120168588934,xavier,319.0
385,2026-09-01 13:24:26,gate3b_restricted_search,133,cold,4,0.001786135519762597,xavier,88.0
386,2026-09-01 13:24:26,gate3b_restricted_search,133,cold,5,0.025248390936171015,xavier,29.0
387,2026-09-01 13:24:26,gate3b_restricted_search,133,cold,6,0.04257625486011382,xavier,27.0
388,2026-09-01 13:24:27,gate3b_restricted_search,133,cold,7,0.0003232148147351276,xavier,424.0
389,2026-09-01 13:24:27,gate3b_restricted_search,133,cold,8,0.07475987911298648,he,30.0
390,2026-09-01 13:24:27,gate3b_restricted_search,133,cold,9,0.011468398705751582,xavier,27.0
391,2026-09-01 13:24:27,gate3b_restricted_search,133,cold,10,0.013520030930076584,he,29.0
392,2026-09-01 13:24:27,gate3b_restricted_search,133,cold,11,0.010686274357222558,xavier,29.0
393,2026-09-01 13:24:27,gate3b_restricted_search,133,cold,12,0.012490731612965383,xavier,27.0
394,2026-09-01 13:24:27,gate3b_restricted_search,133,cold,13,0.02373922934121738,xavier,29.0
395,2026-09-01 13:24:27,gate3b_restricted_search,133,cold,14,0.00604100361467369,orthogonal,34.0
396,2026-09-01 13:24:27,gate3b_restricted_search,133,informed_restricted,0,0.0017826497151386949,xavier,88.0
397,2026-09-01 13:24:27,gate3b_restricted_search,133,informed_restricted,1,0.01448683388723935,xavier,29.0
398,2026-09-01 13:24:28,gate3b_restricted_search,133,informed_restricted,2,0.00010007903854383786,xavier,1600.0
399,2026-09-01 13:24:28,gate3b_restricted_search,133,informed_restricted,3,0.0008072307884499761,xavier,181.0
400,2026-09-01 13:24:29,gate3b_restricted_search,133,informed_restricted,4,0.0002755926764027377,xavier,456.0
401,2026-09-01 13:24:30,gate3b_restricted_search,133,informed_restricted,5,0.00018924123965722266,xavier,701.0
402,2026-09-01 13:24:30,gate3b_restricted_search,133,informed_restricted,6,0.0003620600725744741,xavier,370.0
403,2026-09-01 13:24:31,gate3b_restricted_search,133,informed_restricted,7,0.001088133500363589,xavier,130.0
404,2026-09-01 13:24:31,gate3b_restricted_search,133,informed_restricted,8,0.0015498955191377143,xavier,99.0
405,2026-09-01 13:24:31,gate3b_restricted_search,133,informed_restricted,9,0.00413475900783472,xavier,52.0
406,2026-09-01 13:24:31,gate3b_restricted_search,133,informed_restricted,10,0.09290791998691832,xavier,30.0
407,2026-09-01 13:24:31,gate3b_restricted_search,133,informed_restricted,11,0.07785058870653301,xavier,25.0
408,2026-09-01 13:24:31,gate3b_restricted_search,133,informed_restricted,12,0.0464700795252923,xavier,27.0
409,2026-09-01 13:24:31,gate3b_restricted_search,133,informed_restricted,13,0.09182660868186439,xavier,30.0
410,2026-09-01 13:24:31,gate3b_restricted_search,133,informed_restricted,14,0.025829557092615408,xavier,26.0
411,2026-09-01 13:24:31,gate3b_restricted_search,133,universal_restricted,0,0.0017826497151386949,xavier,88.0
412,2026-09-01 13:24:31,gate3b_restricted_search,133,universal_restricted,1,0.01448683388723935,xavier,29.0
413,2026-09-01 13:24:32,gate3b_restricted_search,133,universal_restricted,2,0.00010007903854383786,xavier,1600.0
414,2026-09-01 13:24:32,gate3b_restricted_search,133,universal_restricted,3,0.0008072307884499761,xavier,181.0
415,2026-09-01 13:24:33,gate3b_restricted_search,133,universal_restricted,4,0.0002755926764027377,xavier,456.0
416,2026-09-01 13:24:34,gate3b_restricted_search,133,universal_restricted,5,0.00018924123965722266,xavier,701.0
417,2026-09-01 13:24:34,gate3b_restricted_search,133,universal_restricted,6,0.0003620600725744741,xavier,370.0
418,2026-09-01 13:24:34,gate3b_restricted_search,133,universal_restricted,7,0.001088133500363589,xavier,130.0
419,2026-09-01 13:24:34,gate3b_restricted_search,133,universal_restricted,8,0.0015498955191377143,xavier,99.0
420,2026-09-01 13:24:34,gate3b_restricted_search,133,universal_restricted,9,0.00413475900783472,xavier,52.0
421,2026-09-01 13:24:34,gate3b_restricted_search,133,universal_restricted,10,0.09290791998691832,xavier,30.0
422,2026-09-01 13:24:34,gate3b_restricted_search,133,universal_restricted,11,0.07785058870653301,xavier,25.0
423,2026-09-01 13:24:34,gate3b_restricted_search,133,universal_restricted,12,0.0464700795252923,xavier,27.0
424,2026-09-01 13:24:34,gate3b_restricted_search,133,universal_restricted,13,0.09182660868186439,xavier,30.0
425,2026-09-01 13:24:34,gate3b_restricted_search,133,universal_restricted,14,0.025829557092615408,xavier,26.0
426,2026-09-01 13:24:35,gate3b_restricted_search,136,reference,0,0.004430375245218269,xavier,48.0
427,2026-09-01 13:24:35,gate3b_restricted_search,136,reference,1,0.0018662266976517971,orthogonal,70.0
428,2026-09-01 13:24:35,gate3b_restricted_search,136,reference,2,0.07780155576901421,he,35.0
429,2026-09-01 13:24:35,gate3b_restricted_search,136,reference,3,0.005059803874660437,xavier,47.0
430,2026-09-01 13:24:36,gate3b_restricted_search,136,reference,4,0.00011498870747119459,orthogonal,1600.0
431,2026-09-01 13:24:36,gate3b_restricted_search,136,reference,5,0.08626905220714905,xavier,26.0
432,2026-09-01 13:24:36,gate3b_restricted_search,136,reference,6,0.00022637229697395497,orthogonal,565.0
433,2026-09-01 13:24:37,gate3b_restricted_search,136,reference,7,0.0036774346621052147,orthogonal,64.0
434,2026-09-01 13:24:37,gate3b_restricted_search,136,reference,8,0.0023358825194833557,orthogonal,70.0
435,2026-09-01 13:24:37,gate3b_restricted_search,136,reference,9,0.006859416411328701,he,50.0
436,2026-09-01 13:24:37,gate3b_restricted_search,136,reference,10,0.07162629642639848,xavier,26.0
437,2026-09-01 13:24:37,gate3b_restricted_search,136,reference,11,0.07216635702812188,xavier,26.0
438,2026-09-01 13:24:37,gate3b_restricted_search,136,reference,12,0.02365310875574803,xavier,27.0
439,2026-09-01 13:24:37,gate3b_restricted_search,136,reference,13,0.020534207875627673,xavier,21.0
440,2026-09-01 13:24:37,gate3b_restricted_search,136,reference,14,0.021178889448851296,xavier,21.0
441,2026-09-01 13:24:37,gate3b_restricted_search,136,reference,15,0.016597301987641328,xavier,33.0
442,2026-09-01 13:24:37,gate3b_restricted_search,136,reference,16,0.020406469508651662,xavier,21.0
443,2026-09-01 13:24:37,gate3b_restricted_search,136,reference,17,0.011842466612337468,he,46.0
444,2026-09-01 13:24:37,gate3b_restricted_search,136,reference,18,0.0008965830331984467,xavier,211.0
445,2026-09-01 13:24:37,gate3b_restricted_search,136,reference,19,0.0377064817545237,xavier,20.0
446,2026-09-01 13:24:37,gate3b_restricted_search,136,reference,20,0.038710214024358695,he,27.0
447,2026-09-01 13:24:37,gate3b_restricted_search,136,reference,21,0.0336750536447822,xavier,20.0
448,2026-09-01 13:24:38,gate3b_restricted_search,136,reference,22,0.038736309213967327,xavier,20.0
449,2026-09-01 13:24:38,gate3b_restricted_search,136,reference,23,0.04836919301799425,xavier,38.0
450,2026-09-01 13:24:38,gate3b_restricted_search,136,reference,24,0.039727608479010926,xavier,20.0
451,2026-09-01 13:24:38,gate3b_restricted_search,136,reference,25,0.009626216434502097,xavier,38.0
452,2026-09-01 13:24:38,gate3b_restricted_search,136,reference,26,0.036502671354829486,xavier,20.0
453,2026-09-01 13:24:38,gate3b_restricted_search,136,reference,27,0.010792572229560815,xavier,29.0
454,2026-09-01 13:24:38,gate3b_restricted_search,136,reference,28,0.03181504217064488,he,27.0
455,2026-09-01 13:24:38,gate3b_restricted_search,136,reference,29,0.014162949176325166,xavier,33.0
456,2026-09-01 13:24:38,gate3b_restricted_search,136,reference,30,0.05162475584210662,xavier,38.0
457,2026-09-01 13:24:38,gate3b_restricted_search,136,reference,31,0.029866647656343833,xavier,27.0
458,2026-09-01 13:24:38,gate3b_restricted_search,136,reference,32,0.04499450389076577,xavier,18.0
459,2026-09-01 13:24:38,gate3b_restricted_search,136,reference,33,0.09833600689045018,xavier,31.0
460,2026-09-01 13:24:38,gate3b_restricted_search,136,reference,34,0.04786894252812812,xavier,32.0
461,2026-09-01 13:24:38,gate3b_restricted_search,136,reference,35,0.0071436489308636,xavier,33.0
462,2026-09-01 13:24:38,gate3b_restricted_search,136,reference,36,0.0288889761249271,orthogonal,26.0
463,2026-09-01 13:24:38,gate3b_restricted_search,136,reference,37,0.06302287573552348,xavier,18.0
464,2026-09-01 13:24:38,gate3b_restricted_search,136,reference,38,0.06234995635557237,he,31.0
465,2026-09-01 13:24:38,gate3b_restricted_search,136,reference,39,0.0005329200247232395,orthogonal,278.0
466,2026-09-01 13:24:39,gate3b_restricted_search,136,cold,0,0.0017826497151386949,xavier,117.0
467,2026-09-01 13:24:39,gate3b_restricted_search,136,cold,1,0.0002755926764027377,orthogonal,557.0
468,2026-09-01 13:24:39,gate3b_restricted_search,136,cold,2,0.0015498955191377143,orthogonal,117.0
469,2026-09-01 13:24:40,gate3b_restricted_search,136,cold,3,0.00041054120168588934,xavier,385.0
470,2026-09-01 13:24:40,gate3b_restricted_search,136,cold,4,0.001786135519762597,xavier,117.0
471,2026-09-01 13:24:40,gate3b_restricted_search,136,cold,5,0.025248390936171015,xavier,27.0
472,2026-09-01 13:24:40,gate3b_restricted_search,136,cold,6,0.04257625486011382,xavier,32.0
473,2026-09-01 13:24:41,gate3b_restricted_search,136,cold,7,0.0003232148147351276,xavier,506.0
474,2026-09-01 13:24:41,gate3b_restricted_search,136,cold,8,0.07475987911298648,he,35.0
475,2026-09-01 13:24:41,gate3b_restricted_search,136,cold,9,0.011468398705751582,xavier,29.0
476,2026-09-01 13:24:41,gate3b_restricted_search,136,cold,10,0.014576193863035302,he,39.0
477,2026-09-01 13:24:41,gate3b_restricted_search,136,cold,11,0.010686274357222558,xavier,29.0
478,2026-09-01 13:24:41,gate3b_restricted_search,136,cold,12,0.012490731612965383,xavier,39.0
479,2026-09-01 13:24:41,gate3b_restricted_search,136,cold,13,0.02373922934121738,xavier,27.0
480,2026-09-01 13:24:41,gate3b_restricted_search,136,cold,14,0.030266230252587803,orthogonal,26.0
481,2026-09-01 13:24:41,gate3b_restricted_search,136,informed_restricted,0,0.0017826497151386949,xavier,117.0
482,2026-09-01 13:24:41,gate3b_restricted_search,136,informed_restricted,1,0.01448683388723935,xavier,33.0
483,2026-09-01 13:24:42,gate3b_restricted_search,136,informed_restricted,2,0.00010007903854383786,xavier,1600.0
484,2026-09-01 13:24:42,gate3b_restricted_search,136,informed_restricted,3,0.0008072307884499761,xavier,211.0
485,2026-09-01 13:24:43,gate3b_restricted_search,136,informed_restricted,4,0.0002755926764027377,xavier,585.0
486,2026-09-01 13:24:43,gate3b_restricted_search,136,informed_restricted,5,0.00018924123965722266,xavier,795.0
487,2026-09-01 13:24:44,gate3b_restricted_search,136,informed_restricted,6,0.0003620600725744741,xavier,451.0
488,2026-09-01 13:24:44,gate3b_restricted_search,136,informed_restricted,7,0.001088133500363589,xavier,172.0
489,2026-09-01 13:24:44,gate3b_restricted_search,136,informed_restricted,8,0.0015498955191377143,xavier,125.0
490,2026-09-01 13:24:44,gate3b_restricted_search,136,informed_restricted,9,0.00413475900783472,xavier,52.0
491,2026-09-01 13:24:44,gate3b_restricted_search,136,informed_restricted,10,0.09290791998691832,xavier,31.0
492,2026-09-01 13:24:44,gate3b_restricted_search,136,informed_restricted,11,0.07785058870653301,xavier,25.0
493,2026-09-01 13:24:44,gate3b_restricted_search,136,informed_restricted,12,0.0797234062203645,xavier,14.0
494,2026-09-01 13:24:44,gate3b_restricted_search,136,informed_restricted,13,0.09182660868186439,xavier,26.0
495,2026-09-01 13:24:44,gate3b_restricted_search,136,informed_restricted,14,0.027775736900324165,xavier,27.0
496,2026-09-01 13:24:44,gate3b_restricted_search,136,universal_restricted,0,0.0017826497151386949,xavier,117.0
497,2026-09-01 13:24:45,gate3b_restricted_search,136,universal_restricted,1,0.01448683388723935,xavier,33.0
498,2026-09-01 13:24:46,gate3b_restricted_search,136,universal_restricted,2,0.00010007903854383786,xavier,1600.0
499,2026-09-01 13:24:46,gate3b_restricted_search,136,universal_restricted,3,0.0008072307884499761,xavier,211.0
500,2026-09-01 13:24:46,gate3b_restricted_search,136,universal_restricted,4,0.0002755926764027377,xavier,585.0
501,2026-09-01 13:24:47,gate3b_restricted_search,136,universal_restricted,5,0.00018924123965722266,xavier,795.0
502,2026-09-01 13:24:47,gate3b_restricted_search,136,universal_restricted,6,0.0003620600725744741,xavier,451.0
503,2026-09-01 13:24:48,gate3b_restricted_search,136,universal_restricted,7,0.001088133500363589,xavier,172.0
504,2026-09-01 13:24:48,gate3b_restricted_search,136,universal_restricted,8,0.0015498955191377143,xavier,125.0
505,2026-09-01 13:24:48,gate3b_restricted_search,136,universal_restricted,9,0.00413475900783472,xavier,52.0
506,2026-09-01 13:24:48,gate3b_restricted_search,136,universal_restricted,10,0.09290791998691832,xavier,31.0
507,2026-09-01 13:24:48,gate3b_restricted_search,136,universal_restricted,11,0.07785058870653301,xavier,25.0
508,2026-09-01 13:24:48,gate3b_restricted_search,136,universal_restricted,12,0.0797234062203645,xavier,14.0
509,2026-09-01 13:24:48,gate3b_restricted_search,136,universal_restricted,13,0.09182660868186439,xavier,26.0
510,2026-09-01 13:24:48,gate3b_restricted_search,136,universal_restricted,14,0.027775736900324165,xavier,27.0
511,2026-09-01 13:24:49,gate3b_restricted_search,138,reference,0,0.004430375245218269,xavier,242.0
512,2026-09-01 13:24:49,gate3b_restricted_search,138,reference,1,0.0018662266976517971,orthogonal,189.0
513,2026-09-01 13:24:49,gate3b_restricted_search,138,reference,2,0.07780155576901421,he,189.0
514,2026-09-01 13:24:50,gate3b_restricted_search,138,reference,3,0.005059803874660437,xavier,265.0
515,2026-09-01 13:24:51,gate3b_restricted_search,138,reference,4,0.00011498870747119459,orthogonal,1600.0
516,2026-09-01 13:24:51,gate3b_restricted_search,138,reference,5,0.08626905220714905,xavier,189.0
517,2026-09-01 13:24:52,gate3b_restricted_search,138,reference,6,0.00022637229697395497,orthogonal,1600.0
518,2026-09-01 13:24:52,gate3b_restricted_search,138,reference,7,0.0036774346621052147,orthogonal,189.0
519,2026-09-01 13:24:52,gate3b_restricted_search,138,reference,8,0.0023358825194833557,orthogonal,189.0
520,2026-09-01 13:24:53,gate3b_restricted_search,138,reference,9,0.006859416411328701,he,272.0
521,2026-09-01 13:24:54,gate3b_restricted_search,138,reference,10,0.0006304101883365796,orthogonal,1600.0
522,2026-09-01 13:24:54,gate3b_restricted_search,138,reference,11,0.07216635702812188,he,359.0
523,2026-09-01 13:24:55,gate3b_restricted_search,138,reference,12,0.023424015777204342,he,166.0
524,2026-09-01 13:24:55,gate3b_restricted_search,138,reference,13,0.020527514539894275,he,166.0
525,2026-09-01 13:24:55,gate3b_restricted_search,138,reference,14,0.021178889448851296,he,166.0
526,2026-09-01 13:24:55,gate3b_restricted_search,138,reference,15,0.023222292970964075,he,166.0
527,2026-09-01 13:24:55,gate3b_restricted_search,138,reference,16,0.022037820237663697,he,166.0
528,2026-09-01 13:24:55,gate3b_restricted_search,138,reference,17,0.010840666961995501,he,129.0
529,2026-09-01 13:24:56,gate3b_restricted_search,138,reference,18,0.010134652535126017,he,129.0
530,2026-09-01 13:24:56,gate3b_restricted_search,138,reference,19,0.010906207955167429,he,129.0
531,2026-09-01 13:24:57,gate3b_restricted_search,138,reference,20,0.0009712798508231742,he,1600.0
532,2026-09-01 13:24:57,gate3b_restricted_search,138,reference,21,0.010709024254268881,he,129.0
533,2026-09-01 13:24:57,gate3b_restricted_search,138,reference,22,0.011375129032050369,he,129.0
534,2026-09-01 13:24:57,gate3b_restricted_search,138,reference,23,0.010155063855043101,he,129.0
535,2026-09-01 13:24:57,gate3b_restricted_search,138,reference,24,0.039727608479010926,he,157.0
536,2026-09-01 13:24:58,gate3b_restricted_search,138,reference,25,0.008528796329853667,xavier,189.0
537,2026-09-01 13:24:58,gate3b_restricted_search,138,reference,26,0.034944385388506714,he,157.0
538,2026-09-01 13:24:58,gate3b_restricted_search,138,reference,27,0.0019717156750554544,he,583.0
539,2026-09-01 13:24:59,gate3b_restricted_search,138,reference,28,0.014766184445570285,he,129.0
540,2026-09-01 13:24:59,gate3b_restricted_search,138,reference,29,0.003585093283880219,xavier,359.0
541,2026-09-01 13:24:59,gate3b_restricted_search,138,reference,30,0.04042332373342426,he,162.0
542,2026-09-01 13:24:59,gate3b_restricted_search,138,reference,31,0.013984605220302242,he,129.0
543,2026-09-01 13:25:00,gate3b_restricted_search,138,reference,32,0.0059269089116566484,he,359.0
544,2026-09-01 13:25:00,gate3b_restricted_search,138,reference,33,0.01594897186602444,he,227.0
545,2026-09-01 13:25:00,gate3b_restricted_search,138,reference,34,0.013905027971507843,he,129.0
546,2026-09-01 13:25:01,gate3b_restricted_search,138,reference,35,0.004694939362741506,xavier,265.0
547,2026-09-01 13:25:01,gate3b_restricted_search,138,reference,36,0.060359282897768575,he,157.0
548,2026-09-01 13:25:01,gate3b_restricted_search,138,reference,37,0.0027730817801511726,he,493.0
549,2026-09-01 13:25:02,gate3b_restricted_search,138,reference,38,0.006383055281018726,xavier,189.0
550,2026-09-01 13:25:02,gate3b_restricted_search,138,reference,39,0.03268319644504151,orthogonal,151.0
551,2026-09-01 13:25:03,gate3b_restricted_search,138,cold,0,0.0017826497151386949,xavier,647.0
552,2026-09-01 13:25:04,gate3b_restricted_search,138,cold,1,0.0002755926764027377,orthogonal,1600.0
553,2026-09-01 13:25:04,gate3b_restricted_search,138,cold,2,0.0015498955191377143,orthogonal,446.0
554,2026-09-01 13:25:05,gate3b_restricted_search,138,cold,3,0.00041054120168588934,xavier,1600.0
555,2026-09-01 13:25:06,gate3b_restricted_search,138,cold,4,0.001786135519762597,xavier,647.0
556,2026-09-01 13:25:06,gate3b_restricted_search,138,cold,5,0.025248390936171015,xavier,103.0
557,2026-09-01 13:25:06,gate3b_restricted_search,138,cold,6,0.04257625486011382,xavier,189.0
558,2026-09-01 13:25:07,gate3b_restricted_search,138,cold,7,0.0003232148147351276,xavier,1600.0
559,2026-09-01 13:25:08,gate3b_restricted_search,138,cold,8,0.07475987911298648,he,282.0
560,2026-09-01 13:25:08,gate3b_restricted_search,138,cold,9,0.011468398705751582,xavier,189.0
561,2026-09-01 13:25:08,gate3b_restricted_search,138,cold,10,0.014576193863035302,he,227.0
562,2026-09-01 13:25:08,gate3b_restricted_search,138,cold,11,0.010686274357222558,xavier,189.0
563,2026-09-01 13:25:08,gate3b_restricted_search,138,cold,12,0.012490731612965383,xavier,151.0
564,2026-09-01 13:25:09,gate3b_restricted_search,138,cold,13,0.023860671076111128,xavier,157.0
565,2026-09-01 13:25:09,gate3b_restricted_search,138,cold,14,0.0064608723984358254,orthogonal,189.0
566,2026-09-01 13:25:09,gate3b_restricted_search,138,informed_restricted,0,0.0017826497151386949,orthogonal,446.0
567,2026-09-01 13:25:10,gate3b_restricted_search,138,informed_restricted,1,0.01448683388723935,orthogonal,151.0
568,2026-09-01 13:25:10,gate3b_restricted_search,138,informed_restricted,2,0.00010007903854383786,orthogonal,1600.0
569,2026-09-01 13:25:11,gate3b_restricted_search,138,informed_restricted,3,0.0008072307884499761,orthogonal,1600.0
570,2026-09-01 13:25:12,gate3b_restricted_search,138,informed_restricted,4,0.0002755926764027377,orthogonal,1600.0
571,2026-09-01 13:25:13,gate3b_restricted_search,138,informed_restricted,5,0.00018924123965722266,orthogonal,1600.0
572,2026-09-01 13:25:14,gate3b_restricted_search,138,informed_restricted,6,0.0003620600725744741,orthogonal,1600.0
573,2026-09-01 13:25:15,gate3b_restricted_search,138,informed_restricted,7,0.001088133500363589,orthogonal,771.0
574,2026-09-01 13:25:16,gate3b_restricted_search,138,informed_restricted,8,0.0015498955191377143,orthogonal,446.0
575,2026-09-01 13:25:16,gate3b_restricted_search,138,informed_restricted,9,0.00413475900783472,orthogonal,264.0
576,2026-09-01 13:25:16,gate3b_restricted_search,138,informed_restricted,10,0.09290791998691832,orthogonal,151.0
577,2026-09-01 13:25:16,gate3b_restricted_search,138,informed_restricted,11,0.07785058870653301,orthogonal,189.0
578,2026-09-01 13:25:17,gate3b_restricted_search,138,informed_restricted,12,0.0797234062203645,orthogonal,298.0
579,2026-09-01 13:25:17,gate3b_restricted_search,138,informed_restricted,13,0.017223705768801514,orthogonal,157.0
580,2026-09-01 13:25:17,gate3b_restricted_search,138,informed_restricted,14,0.02354874493860281,orthogonal,151.0
581,2026-09-01 13:25:18,gate3b_restricted_search,138,universal_restricted,0,0.0017826497151386949,xavier,647.0
582,2026-09-01 13:25:18,gate3b_restricted_search,138,universal_restricted,1,0.01448683388723935,xavier,103.0
583,2026-09-01 13:25:19,gate3b_restricted_search,138,universal_restricted,2,0.00010007903854383786,xavier,1600.0
584,2026-09-01 13:25:19,gate3b_restricted_search,138,universal_restricted,3,0.0008072307884499761,xavier,1600.0
585,2026-09-01 13:25:20,gate3b_restricted_search,138,universal_restricted,4,0.0002755926764027377,xavier,1600.0
586,2026-09-01 13:25:21,gate3b_restricted_search,138,universal_restricted,5,0.00018924123965722266,xavier,1600.0
587,2026-09-01 13:25:21,gate3b_restricted_search,138,universal_restricted,6,0.0003620600725744741,xavier,1600.0
588,2026-09-01 13:25:22,gate3b_restricted_search,138,universal_restricted,7,0.001088133500363589,xavier,771.0
589,2026-09-01 13:25:23,gate3b_restricted_search,138,universal_restricted,8,0.0015498955191377143,xavier,666.0
590,2026-09-01 13:25:23,gate3b_restricted_search,138,universal_restricted,9,0.00413475900783472,xavier,242.0
591,2026-09-01 13:25:23,gate3b_restricted_search,138,universal_restricted,10,0.09290791998691832,xavier,189.0
592,2026-09-01 13:25:23,gate3b_restricted_search,138,universal_restricted,11,0.07785058870653301,xavier,339.0
593,2026-09-01 13:25:24,gate3b_restricted_search,138,universal_restricted,12,0.0797234062203645,xavier,252.0
594,2026-09-01 13:25:24,gate3b_restricted_search,138,universal_restricted,13,0.017223705768801514,xavier,151.0
595,2026-09-01 13:25:24,gate3b_restricted_search,138,universal_restricted,14,0.01553710788150454,xavier,122.0
596,2026-09-01 13:25:24,gate3b_restricted_search,145,reference,0,0.004430375245218269,xavier,71.0
597,2026-09-01 13:25:24,gate3b_restricted_search,145,reference,1,0.0018662266976517971,orthogonal,112.0
598,2026-09-01 13:25:24,gate3b_restricted_search,145,reference,2,0.07780155576901421,he,74.0
599,2026-09-01 13:25:24,gate3b_restricted_search,145,reference,3,0.005059803874660437,xavier,71.0
600,2026-09-01 13:25:25,gate3b_restricted_search,145,reference,4,0.00011498870747119459,orthogonal,1600.0
601,2026-09-01 13:25:25,gate3b_restricted_search,145,reference,5,0.08626905220714905,xavier,57.0
602,2026-09-01 13:25:26,gate3b_restricted_search,145,reference,6,0.00022637229697395497,orthogonal,747.0
603,2026-09-01 13:25:26,gate3b_restricted_search,145,reference,7,0.0036774346621052147,orthogonal,57.0
604,2026-09-01 13:25:26,gate3b_restricted_search,145,reference,8,0.0023358825194833557,orthogonal,75.0
605,2026-09-01 13:25:26,gate3b_restricted_search,145,reference,9,0.006859416411328701,he,71.0
606,2026-09-01 13:25:26,gate3b_restricted_search,145,reference,10,0.07162629642639848,xavier,74.0
607,2026-09-01 13:25:26,gate3b_restricted_search,145,reference,11,0.01987003445315026,xavier,46.0
608,2026-09-01 13:25:26,gate3b_restricted_search,145,reference,12,0.02365310875574803,xavier,46.0
609,2026-09-01 13:25:26,gate3b_restricted_search,145,reference,13,0.020527514539894275,xavier,46.0
610,2026-09-01 13:25:26,gate3b_restricted_search,145,reference,14,0.021178889448851296,xavier,46.0
611,2026-09-01 13:25:26,gate3b_restricted_search,145,reference,15,0.02111747143531768,xavier,46.0
612,2026-09-01 13:25:26,gate3b_restricted_search,145,reference,16,0.011584456062567309,xavier,53.0
613,2026-09-01 13:25:27,gate3b_restricted_search,145,reference,17,0.0012608119843710488,he,259.0
614,2026-09-01 13:25:27,gate3b_restricted_search,145,reference,18,0.03617781834189423,xavier,42.0
615,2026-09-01 13:25:27,gate3b_restricted_search,145,reference,19,0.04049803968429553,xavier,32.0
616,2026-09-01 13:25:27,gate3b_restricted_search,145,reference,20,0.04151582560533646,he,23.0
617,2026-09-01 13:25:27,gate3b_restricted_search,145,reference,21,0.04142400883556987,he,23.0
618,2026-09-01 13:25:27,gate3b_restricted_search,145,reference,22,0.044721899870597895,he,23.0
619,2026-09-01 13:25:27,gate3b_restricted_search,145,reference,23,0.05110790825327168,he,53.0
620,2026-09-01 13:25:27,gate3b_restricted_search,145,reference,24,0.011209307708701413,he,53.0
621,2026-09-01 13:25:27,gate3b_restricted_search,145,reference,25,0.04152933908198081,he,23.0
622,2026-09-01 13:25:27,gate3b_restricted_search,145,reference,26,0.011041720600757126,he,53.0
623,2026-09-01 13:25:27,gate3b_restricted_search,145,reference,27,0.05275448586755433,he,47.0
624,2026-09-01 13:25:28,gate3b_restricted_search,145,reference,28,0.03181504217064488,he,53.0
625,2026-09-01 13:25:28,gate3b_restricted_search,145,reference,29,0.08786779760379902,he,57.0
626,2026-09-01 13:25:28,gate3b_restricted_search,145,reference,30,0.0005066595826217725,he,599.0
627,2026-09-01 13:25:28,gate3b_restricted_search,145,reference,31,0.05274808467292337,he,47.0
628,2026-09-01 13:25:28,gate3b_restricted_search,145,reference,32,0.03272223551193974,he,53.0
629,2026-09-01 13:25:28,gate3b_restricted_search,145,reference,33,0.09848828671558756,he,85.0
630,2026-09-01 13:25:28,gate3b_restricted_search,145,reference,34,0.013171001626234288,he,57.0
631,2026-09-01 13:25:28,gate3b_restricted_search,145,reference,35,0.05584578718992456,he,47.0
632,2026-09-01 13:25:29,gate3b_restricted_search,145,reference,36,0.030106955599407216,he,53.0
633,2026-09-01 13:25:29,gate3b_restricted_search,145,reference,37,0.007339936269266087,he,71.0
634,2026-09-01 13:25:29,gate3b_restricted_search,145,reference,38,0.01597592302074304,he,47.0
635,2026-09-01 13:25:29,gate3b_restricted_search,145,reference,39,0.06198928117879402,orthogonal,42.0
636,2026-09-01 13:25:29,gate3b_restricted_search,145,cold,0,0.0017826497151386949,xavier,122.0
637,2026-09-01 13:25:29,gate3b_restricted_search,145,cold,1,0.0002755926764027377,orthogonal,557.0
638,2026-09-01 13:25:29,gate3b_restricted_search,145,cold,2,0.0015498955191377143,orthogonal,135.0
639,2026-09-01 13:25:30,gate3b_restricted_search,145,cold,3,0.00041054120168588934,xavier,480.0
640,2026-09-01 13:25:30,gate3b_restricted_search,145,cold,4,0.001786135519762597,xavier,122.0
641,2026-09-01 13:25:30,gate3b_restricted_search,145,cold,5,0.025248390936171015,xavier,46.0
642,2026-09-01 13:25:30,gate3b_restricted_search,145,cold,6,0.04257625486011382,xavier,32.0
643,2026-09-01 13:25:31,gate3b_restricted_search,145,cold,7,0.0003232148147351276,xavier,659.0
644,2026-09-01 13:25:31,gate3b_restricted_search,145,cold,8,0.07475987911298648,he,73.0
645,2026-09-01 13:25:31,gate3b_restricted_search,145,cold,9,0.011468398705751582,xavier,53.0
646,2026-09-01 13:25:31,gate3b_restricted_search,145,cold,10,0.09344501034181055,he,57.0
647,2026-09-01 13:25:31,gate3b_restricted_search,145,cold,11,0.021361236429000122,xavier,46.0
648,2026-09-01 13:25:31,gate3b_restricted_search,145,cold,12,0.018729908809075033,xavier,53.0
649,2026-09-01 13:25:31,gate3b_restricted_search,145,cold,13,0.00728316494133813,xavier,66.0
650,2026-09-01 13:25:31,gate3b_restricted_search,145,cold,14,0.039131135779775145,orthogonal,28.0
651,2026-09-01 13:25:31,gate3b_restricted_search,145,informed_restricted,0,0.0017826497151386949,orthogonal,112.0
652,2026-09-01 13:25:31,gate3b_restricted_search,145,informed_restricted,1,0.01448683388723935,orthogonal,53.0
653,2026-09-01 13:25:32,gate3b_restricted_search,145,informed_restricted,2,0.00010007903854383786,orthogonal,1600.0
654,2026-09-01 13:25:33,gate3b_restricted_search,145,informed_restricted,3,0.0008072307884499761,orthogonal,268.0
655,2026-09-01 13:25:34,gate3b_restricted_search,145,informed_restricted,4,0.0002755926764027377,orthogonal,557.0
656,2026-09-01 13:25:34,gate3b_restricted_search,145,informed_restricted,5,0.00018924123965722266,orthogonal,1600.0
657,2026-09-01 13:25:35,gate3b_restricted_search,145,informed_restricted,6,0.0003620600725744741,orthogonal,410.0
658,2026-09-01 13:25:35,gate3b_restricted_search,145,informed_restricted,7,0.001088133500363589,orthogonal,135.0
659,2026-09-01 13:25:35,gate3b_restricted_search,145,informed_restricted,8,0.0015498955191377143,orthogonal,135.0
660,2026-09-01 13:25:35,gate3b_restricted_search,145,informed_restricted,9,0.00413475900783472,orthogonal,57.0
661,2026-09-01 13:25:35,gate3b_restricted_search,145,informed_restricted,10,0.09290791998691832,orthogonal,47.0
662,2026-09-01 13:25:35,gate3b_restricted_search,145,informed_restricted,11,0.07785058870653301,orthogonal,70.0
663,2026-09-01 13:25:36,gate3b_restricted_search,145,informed_restricted,12,0.0797234062203645,orthogonal,46.0
664,2026-09-01 13:25:36,gate3b_restricted_search,145,informed_restricted,13,0.09182660868186439,orthogonal,87.0
665,2026-09-01 13:25:36,gate3b_restricted_search,145,informed_restricted,14,0.027775736900324165,orthogonal,53.0
666,2026-09-01 13:25:36,gate3b_restricted_search,145,universal_restricted,0,0.0017826497151386949,xavier,122.0
667,2026-09-01 13:25:36,gate3b_restricted_search,145,universal_restricted,1,0.01448683388723935,xavier,47.0
668,2026-09-01 13:25:37,gate3b_restricted_search,145,universal_restricted,2,0.00010007903854383786,xavier,1600.0
669,2026-09-01 13:25:37,gate3b_restricted_search,145,universal_restricted,3,0.0008072307884499761,xavier,268.0
670,2026-09-01 13:25:38,gate3b_restricted_search,145,universal_restricted,4,0.0002755926764027377,xavier,772.0
671,2026-09-01 13:25:39,gate3b_restricted_search,145,universal_restricted,5,0.00018924123965722266,xavier,1600.0
672,2026-09-01 13:25:40,gate3b_restricted_search,145,universal_restricted,6,0.0003620600725744741,xavier,604.0
673,2026-09-01 13:25:41,gate3b_restricted_search,145,universal_restricted,7,0.001088133500363589,xavier,149.0
674,2026-09-01 13:25:41,gate3b_restricted_search,145,universal_restricted,8,0.0015498955191377143,xavier,135.0
675,2026-09-01 13:25:41,gate3b_restricted_search,145,universal_restricted,9,0.00413475900783472,xavier,84.0
676,2026-09-01 13:25:41,gate3b_restricted_search,145,universal_restricted,10,0.09290791998691832,xavier,53.0
677,2026-09-01 13:25:41,gate3b_restricted_search,145,universal_restricted,11,0.07785058870653301,xavier,71.0
678,2026-09-01 13:25:41,gate3b_restricted_search,145,universal_restricted,12,0.0797234062203645,xavier,56.0
679,2026-09-01 13:25:41,gate3b_restricted_search,145,universal_restricted,13,0.017223705768801514,xavier,47.0
680,2026-09-01 13:25:41,gate3b_restricted_search,145,universal_restricted,14,0.01553710788150454,xavier,47.0
681,2026-09-01 13:25:42,gate3b_restricted_search,149,reference,0,0.004430375245218269,xavier,102.0
682,2026-09-01 13:25:42,gate3b_restricted_search,149,reference,1,0.0018662266976517971,orthogonal,237.0
683,2026-09-01 13:25:42,gate3b_restricted_search,149,reference,2,0.07780155576901421,he,54.0
684,2026-09-01 13:25:42,gate3b_restricted_search,149,reference,3,0.005059803874660437,xavier,102.0
685,2026-09-01 13:25:43,gate3b_restricted_search,149,reference,4,0.00011498870747119459,orthogonal,1600.0
686,2026-09-01 13:25:43,gate3b_restricted_search,149,reference,5,0.08626905220714905,xavier,110.0
687,2026-09-01 13:25:45,gate3b_restricted_search,149,reference,6,0.00022637229697395497,orthogonal,1600.0
688,2026-09-01 13:25:45,gate3b_restricted_search,149,reference,7,0.0036774346621052147,orthogonal,219.0
689,2026-09-01 13:25:45,gate3b_restricted_search,149,reference,8,0.0023358825194833557,orthogonal,237.0
690,2026-09-01 13:25:45,gate3b_restricted_search,149,reference,9,0.006859416411328701,he,110.0
691,2026-09-01 13:25:46,gate3b_restricted_search,149,reference,10,0.07156452541054531,he,128.0
692,2026-09-01 13:25:46,gate3b_restricted_search,149,reference,11,0.02283925097118224,xavier,110.0
693,2026-09-01 13:25:47,gate3b_restricted_search,149,reference,12,0.0006091769132837322,he,1600.0
694,2026-09-01 13:25:47,gate3b_restricted_search,149,reference,13,0.01975873711634736,he,121.0
695,2026-09-01 13:25:47,gate3b_restricted_search,149,reference,14,0.021178889448851296,xavier,86.0
696,2026-09-01 13:25:47,gate3b_restricted_search,149,reference,15,0.02693351555687801,he,121.0
697,2026-09-01 13:25:47,gate3b_restricted_search,149,reference,16,0.03793597544200989,xavier,130.0
698,2026-09-01 13:25:47,gate3b_restricted_search,149,reference,17,0.011076021831855744,he,156.0
699,2026-09-01 13:25:48,gate3b_restricted_search,149,reference,18,0.0572438439832036,xavier,167.0
700,2026-09-01 13:25:48,gate3b_restricted_search,149,reference,19,0.010409344933850779,he,110.0
701,2026-09-01 13:25:48,gate3b_restricted_search,149,reference,20,0.04151582560533646,xavier,86.0
702,2026-09-01 13:25:48,gate3b_restricted_search,149,reference,21,0.04015245109655359,xavier,86.0
703,2026-09-01 13:25:48,gate3b_restricted_search,149,reference,22,0.013725146519725942,xavier,102.0
704,2026-09-01 13:25:48,gate3b_restricted_search,149,reference,23,0.08805407259112305,xavier,120.0
705,2026-09-01 13:25:49,gate3b_restricted_search,149,reference,24,0.04268356097883729,xavier,107.0
706,2026-09-01 13:25:49,gate3b_restricted_search,149,reference,25,0.018570107129441498,xavier,85.0
707,2026-09-01 13:25:49,gate3b_restricted_search,149,reference,26,0.04731838321833527,he,107.0
708,2026-09-01 13:25:49,gate3b_restricted_search,149,reference,27,0.0922384180873815,xavier,111.0
709,2026-09-01 13:25:49,gate3b_restricted_search,149,reference,28,0.01500540183666821,xavier,85.0
710,2026-09-01 13:25:49,gate3b_restricted_search,149,reference,29,0.007105807478430851,he,110.0
711,2026-09-01 13:25:49,gate3b_restricted_search,149,reference,30,0.015311647290624003,xavier,102.0
712,2026-09-01 13:25:50,gate3b_restricted_search,149,reference,31,0.034348982856957117,xavier,80.0
713,2026-09-01 13:25:50,gate3b_restricted_search,149,reference,32,0.030047468175212977,xavier,107.0
714,2026-09-01 13:25:50,gate3b_restricted_search,149,reference,33,0.008399841578849286,xavier,85.0
715,2026-09-01 13:25:50,gate3b_restricted_search,149,reference,34,0.0010693906262543294,xavier,543.0
716,2026-09-01 13:25:51,gate3b_restricted_search,149,reference,35,0.0038667837538090134,xavier,110.0
717,2026-09-01 13:25:51,gate3b_restricted_search,149,reference,36,0.007809495099020844,orthogonal,87.0
718,2026-09-01 13:25:51,gate3b_restricted_search,149,reference,37,0.0023447900525789115,orthogonal,237.0
719,2026-09-01 13:25:51,gate3b_restricted_search,149,reference,38,0.006700540103772518,orthogonal,110.0
720,2026-09-01 13:25:51,gate3b_restricted_search,149,reference,39,0.005214125031037536,orthogonal,110.0
721,2026-09-01 13:25:52,gate3b_restricted_search,149,cold,0,0.0017826497151386949,xavier,374.0
722,2026-09-01 13:25:52,gate3b_restricted_search,149,cold,1,0.0002755926764027377,orthogonal,1600.0
723,2026-09-01 13:25:53,gate3b_restricted_search,149,cold,2,0.0015498955191377143,orthogonal,145.0
724,2026-09-01 13:25:53,gate3b_restricted_search,149,cold,3,0.00041054120168588934,xavier,1600.0
725,2026-09-01 13:25:54,gate3b_restricted_search,149,cold,4,0.001786135519762597,xavier,374.0
726,2026-09-01 13:25:54,gate3b_restricted_search,149,cold,5,0.025248390936171015,xavier,110.0
727,2026-09-01 13:25:54,gate3b_restricted_search,149,cold,6,0.04257625486011382,xavier,130.0
728,2026-09-01 13:25:55,gate3b_restricted_search,149,cold,7,0.0003232148147351276,xavier,1600.0
729,2026-09-01 13:25:55,gate3b_restricted_search,149,cold,8,0.07475987911298648,he,165.0
730,2026-09-01 13:25:55,gate3b_restricted_search,149,cold,9,0.011468398705751582,xavier,85.0
731,2026-09-01 13:25:55,gate3b_restricted_search,149,cold,10,0.013520030930076584,he,85.0
732,2026-09-01 13:25:55,gate3b_restricted_search,149,cold,11,0.012050318703919807,he,85.0
733,2026-09-01 13:25:55,gate3b_restricted_search,149,cold,12,0.008901992342500538,he,165.0
734,2026-09-01 13:25:56,gate3b_restricted_search,149,cold,13,0.007480156754080965,he,184.0
735,2026-09-01 13:25:56,gate3b_restricted_search,149,cold,14,0.01743266588357272,he,129.0
736,2026-09-01 13:25:56,gate3b_restricted_search,149,informed_restricted,0,0.0017826497151386949,xavier,374.0
737,2026-09-01 13:25:56,gate3b_restricted_search,149,informed_restricted,1,0.01448683388723935,xavier,85.0
738,2026-09-01 13:25:57,gate3b_restricted_search,149,informed_restricted,2,0.00010007903854383786,xavier,1600.0
739,2026-09-01 13:25:57,gate3b_restricted_search,149,informed_restricted,3,0.0008072307884499761,xavier,543.0
740,2026-09-01 13:25:58,gate3b_restricted_search,149,informed_restricted,4,0.0002755926764027377,xavier,1600.0
741,2026-09-01 13:25:59,gate3b_restricted_search,149,informed_restricted,5,0.00018924123965722266,xavier,1600.0
742,2026-09-01 13:26:00,gate3b_restricted_search,149,informed_restricted,6,0.0003620600725744741,xavier,1600.0
743,2026-09-01 13:26:00,gate3b_restricted_search,149,informed_restricted,7,0.001088133500363589,xavier,543.0
744,2026-09-01 13:26:00,gate3b_restricted_search,149,informed_restricted,8,0.0015498955191377143,xavier,374.0
745,2026-09-01 13:26:01,gate3b_restricted_search,149,informed_restricted,9,0.00413475900783472,xavier,110.0
746,2026-09-01 13:26:01,gate3b_restricted_search,149,informed_restricted,10,0.09290791998691832,xavier,136.0
747,2026-09-01 13:26:01,gate3b_restricted_search,149,informed_restricted,11,0.011930383561222451,xavier,85.0
748,2026-09-01 13:26:01,gate3b_restricted_search,149,informed_restricted,12,0.016535107145461723,xavier,102.0
749,2026-09-01 13:26:01,gate3b_restricted_search,149,informed_restricted,13,0.01416591916805599,xavier,85.0
750,2026-09-01 13:26:01,gate3b_restricted_search,149,informed_restricted,14,0.01553710788150454,xavier,110.0
751,2026-09-01 13:26:01,gate3b_restricted_search,149,universal_restricted,0,0.0017826497151386949,xavier,374.0
752,2026-09-01 13:26:02,gate3b_restricted_search,149,universal_restricted,1,0.01448683388723935,xavier,85.0
753,2026-09-01 13:26:02,gate3b_restricted_search,149,universal_restricted,2,0.00010007903854383786,xavier,1600.0
754,2026-09-01 13:26:03,gate3b_restricted_search,149,universal_restricted,3,0.0008072307884499761,xavier,543.0
755,2026-09-01 13:26:03,gate3b_restricted_search,149,universal_restricted,4,0.0002755926764027377,xavier,1600.0
756,2026-09-01 13:26:05,gate3b_restricted_search,149,universal_restricted,5,0.00018924123965722266,xavier,1600.0
757,2026-09-01 13:26:05,gate3b_restricted_search,149,universal_restricted,6,0.0003620600725744741,xavier,1600.0
758,2026-09-01 13:26:06,gate3b_restricted_search,149,universal_restricted,7,0.001088133500363589,xavier,543.0
759,2026-09-01 13:26:06,gate3b_restricted_search,149,universal_restricted,8,0.0015498955191377143,xavier,374.0
760,2026-09-01 13:26:06,gate3b_restricted_search,149,universal_restricted,9,0.00413475900783472,xavier,110.0
761,2026-09-01 13:26:07,gate3b_restricted_search,149,universal_restricted,10,0.09290791998691832,xavier,136.0
762,2026-09-01 13:26:07,gate3b_restricted_search,149,universal_restricted,11,0.011930383561222451,xavier,85.0
763,2026-09-01 13:26:07,gate3b_restricted_search,149,universal_restricted,12,0.016535107145461723,xavier,102.0
764,2026-09-01 13:26:07,gate3b_restricted_search,149,universal_restricted,13,0.01416591916805599,xavier,85.0
765,2026-09-01 13:26:07,gate3b_restricted_search,149,universal_restricted,14,0.01553710788150454,xavier,110.0
766,2026-09-01 13:26:07,gate3b_restricted_search,151,reference,0,0.004430375245218269,xavier,80.0
767,2026-09-01 13:26:07,gate3b_restricted_search,151,reference,1,0.0018662266976517971,orthogonal,132.0
768,2026-09-01 13:26:07,gate3b_restricted_search,151,reference,2,0.07780155576901421,he,51.0
769,2026-09-01 13:26:07,gate3b_restricted_search,151,reference,3,0.005059803874660437,xavier,80.0
770,2026-09-01 13:26:08,gate3b_restricted_search,151,reference,4,0.00011498870747119459,orthogonal,1600.0
771,2026-09-01 13:26:08,gate3b_restricted_search,151,reference,5,0.08626905220714905,xavier,51.0
772,2026-09-01 13:26:09,gate3b_restricted_search,151,reference,6,0.00022637229697395497,orthogonal,755.0
773,2026-09-01 13:26:09,gate3b_restricted_search,151,reference,7,0.0036774346621052147,orthogonal,71.0
774,2026-09-01 13:26:09,gate3b_restricted_search,151,reference,8,0.0023358825194833557,orthogonal,132.0
775,2026-09-01 13:26:09,gate3b_restricted_search,151,reference,9,0.006859416411328701,he,97.0
776,2026-09-01 13:26:09,gate3b_restricted_search,151,reference,10,0.07156452541054531,he,51.0
777,2026-09-01 13:26:09,gate3b_restricted_search,151,reference,11,0.07216635702812188,xavier,45.0
778,2026-09-01 13:26:10,gate3b_restricted_search,151,reference,12,0.02542434762936629,he,64.0
779,2026-09-01 13:26:10,gate3b_restricted_search,151,reference,13,0.020527514539894275,he,80.0
780,2026-09-01 13:26:10,gate3b_restricted_search,151,reference,14,0.022874327706749274,xavier,51.0
781,2026-09-01 13:26:10,gate3b_restricted_search,151,reference,15,0.04480226290415168,he,40.0
782,2026-09-01 13:26:10,gate3b_restricted_search,151,reference,16,0.03569545261285185,xavier,60.0
783,2026-09-01 13:26:10,gate3b_restricted_search,151,reference,17,0.012267820562355597,he,64.0
784,2026-09-01 13:26:10,gate3b_restricted_search,151,reference,18,0.04135341256901734,xavier,33.0
785,2026-09-01 13:26:10,gate3b_restricted_search,151,reference,19,0.0010503533449916396,xavier,219.0
786,2026-09-01 13:26:10,gate3b_restricted_search,151,reference,20,0.04011473589633689,he,60.0
787,2026-09-01 13:26:10,gate3b_restricted_search,151,reference,21,0.012700120322056837,xavier,64.0
788,2026-09-01 13:26:10,gate3b_restricted_search,151,reference,22,0.04771573031457399,xavier,40.0
789,2026-09-01 13:26:10,gate3b_restricted_search,151,reference,23,0.010155063855043101,xavier,64.0
790,2026-09-01 13:26:10,gate3b_restricted_search,151,reference,24,0.04557386826671009,xavier,40.0
791,2026-09-01 13:26:10,gate3b_restricted_search,151,reference,25,0.04293421690046496,xavier,33.0
792,2026-09-01 13:26:10,gate3b_restricted_search,151,reference,26,0.017324168066323774,he,80.0
793,2026-09-01 13:26:11,gate3b_restricted_search,151,reference,27,0.03137048559313179,xavier,60.0
794,2026-09-01 13:26:11,gate3b_restricted_search,151,reference,28,0.051115481359684946,xavier,64.0
795,2026-09-01 13:26:11,gate3b_restricted_search,151,reference,29,0.009191777712733365,he,64.0
796,2026-09-01 13:26:11,gate3b_restricted_search,151,reference,30,0.09865659655619732,xavier,60.0
797,2026-09-01 13:26:11,gate3b_restricted_search,151,reference,31,0.05444672342183984,xavier,60.0
798,2026-09-01 13:26:11,gate3b_restricted_search,151,reference,32,0.01773722436975709,xavier,60.0
799,2026-09-01 13:26:11,gate3b_restricted_search,151,reference,33,0.030022344093951363,xavier,45.0
800,2026-09-01 13:26:11,gate3b_restricted_search,151,reference,34,0.053895807832220005,xavier,60.0
801,2026-09-01 13:26:11,gate3b_restricted_search,151,reference,35,0.030313537918189137,xavier,60.0
802,2026-09-01 13:26:11,gate3b_restricted_search,151,reference,36,0.09811388576860376,orthogonal,89.0
803,2026-09-01 13:26:12,gate3b_restricted_search,151,reference,37,0.06202866461176477,xavier,55.0
804,2026-09-01 13:26:12,gate3b_restricted_search,151,reference,38,0.015353096584800744,he,85.0
805,2026-09-01 13:26:12,gate3b_restricted_search,151,reference,39,0.0005329200247232395,orthogonal,382.0
806,2026-09-01 13:26:12,gate3b_restricted_search,151,cold,0,0.0017826497151386949,xavier,165.0
807,2026-09-01 13:26:13,gate3b_restricted_search,151,cold,1,0.0002755926764027377,orthogonal,576.0
808,2026-09-01 13:26:13,gate3b_restricted_search,151,cold,2,0.0015498955191377143,orthogonal,143.0
809,2026-09-01 13:26:14,gate3b_restricted_search,151,cold,3,0.00041054120168588934,xavier,405.0
810,2026-09-01 13:26:14,gate3b_restricted_search,151,cold,4,0.001786135519762597,xavier,165.0
811,2026-09-01 13:26:14,gate3b_restricted_search,151,cold,5,0.025248390936171015,xavier,60.0
812,2026-09-01 13:26:14,gate3b_restricted_search,151,cold,6,0.04257625486011382,xavier,33.0
813,2026-09-01 13:26:15,gate3b_restricted_search,151,cold,7,0.0003232148147351276,xavier,664.0
814,2026-09-01 13:26:15,gate3b_restricted_search,151,cold,8,0.07475987911298648,he,51.0
815,2026-09-01 13:26:15,gate3b_restricted_search,151,cold,9,0.011468398705751582,xavier,64.0
816,2026-09-01 13:26:15,gate3b_restricted_search,151,cold,10,0.09344501034181055,he,40.0
817,2026-09-01 13:26:15,gate3b_restricted_search,151,cold,11,0.0797234062203645,he,40.0
818,2026-09-01 13:26:15,gate3b_restricted_search,151,cold,12,0.017140882277504783,he,80.0
819,2026-09-01 13:26:16,gate3b_restricted_search,151,cold,13,0.04179764115437302,he,60.0
820,2026-09-01 13:26:16,gate3b_restricted_search,151,cold,14,0.007330807339450185,he,97.0
821,2026-09-01 13:26:16,gate3b_restricted_search,151,informed_restricted,0,0.0017826497151386949,orthogonal,143.0
822,2026-09-01 13:26:16,gate3b_restricted_search,151,informed_restricted,1,0.01448683388723935,orthogonal,40.0
823,2026-09-01 13:26:18,gate3b_restricted_search,151,informed_restricted,2,0.00010007903854383786,orthogonal,1600.0
824,2026-09-01 13:26:18,gate3b_restricted_search,151,informed_restricted,3,0.0008072307884499761,orthogonal,291.0
825,2026-09-01 13:26:19,gate3b_restricted_search,151,informed_restricted,4,0.0002755926764027377,orthogonal,576.0
826,2026-09-01 13:26:20,gate3b_restricted_search,151,informed_restricted,5,0.00018924123965722266,orthogonal,755.0
827,2026-09-01 13:26:21,gate3b_restricted_search,151,informed_restricted,6,0.0003620600725744741,orthogonal,440.0
828,2026-09-01 13:26:21,gate3b_restricted_search,151,informed_restricted,7,0.001088133500363589,orthogonal,207.0
829,2026-09-01 13:26:21,gate3b_restricted_search,151,informed_restricted,8,0.0015498955191377143,orthogonal,143.0
830,2026-09-01 13:26:22,gate3b_restricted_search,151,informed_restricted,9,0.00413475900783472,orthogonal,71.0
831,2026-09-01 13:26:22,gate3b_restricted_search,151,informed_restricted,10,0.09290791998691832,orthogonal,25.0
832,2026-09-01 13:26:22,gate3b_restricted_search,151,informed_restricted,11,0.07785058870653301,orthogonal,51.0
833,2026-09-01 13:26:22,gate3b_restricted_search,151,informed_restricted,12,0.0797234062203645,orthogonal,51.0
834,2026-09-01 13:26:22,gate3b_restricted_search,151,informed_restricted,13,0.017223705768801514,orthogonal,45.0
835,2026-09-01 13:26:22,gate3b_restricted_search,151,informed_restricted,14,0.02354874493860281,orthogonal,25.0
836,2026-09-01 13:26:22,gate3b_restricted_search,151,universal_restricted,0,0.0017826497151386949,xavier,165.0
837,2026-09-01 13:26:22,gate3b_restricted_search,151,universal_restricted,1,0.01448683388723935,xavier,64.0
838,2026-09-01 13:26:25,gate3b_restricted_search,151,universal_restricted,2,0.00010007903854383786,xavier,1600.0
839,2026-09-01 13:26:25,gate3b_restricted_search,151,universal_restricted,3,0.0008072307884499761,xavier,329.0
840,2026-09-01 13:26:26,gate3b_restricted_search,151,universal_restricted,4,0.0002755926764027377,xavier,677.0
841,2026-09-01 13:26:27,gate3b_restricted_search,151,universal_restricted,5,0.00018924123965722266,xavier,755.0
842,2026-09-01 13:26:28,gate3b_restricted_search,151,universal_restricted,6,0.0003620600725744741,xavier,664.0
843,2026-09-01 13:26:29,gate3b_restricted_search,151,universal_restricted,7,0.001088133500363589,xavier,219.0
844,2026-09-01 13:26:29,gate3b_restricted_search,151,universal_restricted,8,0.0015498955191377143,xavier,165.0
845,2026-09-01 13:26:29,gate3b_restricted_search,151,universal_restricted,9,0.00413475900783472,xavier,100.0
846,2026-09-01 13:26:29,gate3b_restricted_search,151,universal_restricted,10,0.09290791998691832,xavier,89.0
847,2026-09-01 13:26:29,gate3b_restricted_search,151,universal_restricted,11,0.07785058870653301,xavier,118.0
848,2026-09-01 13:26:29,gate3b_restricted_search,151,universal_restricted,12,0.0797234062203645,xavier,117.0
849,2026-09-01 13:26:29,gate3b_restricted_search,151,universal_restricted,13,0.017223705768801514,xavier,51.0
850,2026-09-01 13:26:30,gate3b_restricted_search,151,universal_restricted,14,0.01553710788150454,xavier,60.0
851,2026-09-01 13:26:30,gate3b_restricted_search,153,reference,0,0.004430375245218269,xavier,322.0
852,2026-09-01 13:26:31,gate3b_restricted_search,153,reference,1,0.0018662266976517971,orthogonal,546.0
853,2026-09-01 13:26:31,gate3b_restricted_search,153,reference,2,0.07780155576901421,he,459.0
854,2026-09-01 13:26:32,gate3b_restricted_search,153,reference,3,0.005059803874660437,xavier,331.0
855,2026-09-01 13:26:32,gate3b_restricted_search,153,reference,4,0.00011498870747119459,orthogonal,1600.0
856,2026-09-01 13:26:33,gate3b_restricted_search,153,reference,5,0.08626905220714905,xavier,1600.0
857,2026-09-01 13:26:34,gate3b_restricted_search,153,reference,6,0.00022637229697395497,orthogonal,1600.0
858,2026-09-01 13:26:34,gate3b_restricted_search,153,reference,7,0.0036774346621052147,orthogonal,330.0
859,2026-09-01 13:26:35,gate3b_restricted_search,153,reference,8,0.0023358825194833557,orthogonal,533.0
860,2026-09-01 13:26:35,gate3b_restricted_search,153,reference,9,0.006859416411328701,he,305.0
861,2026-09-01 13:26:35,gate3b_restricted_search,153,reference,10,0.019907506982928588,he,183.0
862,2026-09-01 13:26:35,gate3b_restricted_search,153,reference,11,0.020814104803987817,he,183.0
863,2026-09-01 13:26:36,gate3b_restricted_search,153,reference,12,0.021644937500336026,he,220.0
864,2026-09-01 13:26:36,gate3b_restricted_search,153,reference,13,0.020527514539894275,he,183.0
865,2026-09-01 13:26:36,gate3b_restricted_search,153,reference,14,0.021178889448851296,he,183.0
866,2026-09-01 13:26:37,gate3b_restricted_search,153,reference,15,0.000694465168883101,he,1600.0
867,2026-09-01 13:26:37,gate3b_restricted_search,153,reference,16,0.011599421468819674,he,231.0
868,2026-09-01 13:26:37,gate3b_restricted_search,153,reference,17,0.0385998309482012,he,243.0
869,2026-09-01 13:26:38,gate3b_restricted_search,153,reference,18,0.042140601439425406,he,490.0
870,2026-09-01 13:26:38,gate3b_restricted_search,153,reference,19,0.010284672764162348,he,231.0
871,2026-09-01 13:26:39,gate3b_restricted_search,153,reference,20,0.0009712798508231742,xavier,1600.0
872,2026-09-01 13:26:39,gate3b_restricted_search,153,reference,21,0.019944093242273486,he,183.0
873,2026-09-01 13:26:39,gate3b_restricted_search,153,reference,22,0.04541120738084482,he,272.0
874,2026-09-01 13:26:40,gate3b_restricted_search,153,reference,23,0.011657108315756374,he,231.0
875,2026-09-01 13:26:40,gate3b_restricted_search,153,reference,24,0.02590845460307929,he,221.0
876,2026-09-01 13:26:40,gate3b_restricted_search,153,reference,25,0.009263396141036433,he,305.0
877,2026-09-01 13:26:41,gate3b_restricted_search,153,reference,26,0.05216046206469252,he,286.0
878,2026-09-01 13:26:41,gate3b_restricted_search,153,reference,27,0.014073534254354876,he,227.0
879,2026-09-01 13:26:41,gate3b_restricted_search,153,reference,28,0.029884139767470782,xavier,220.0
880,2026-09-01 13:26:42,gate3b_restricted_search,153,reference,29,0.00605130280626793,he,356.0
881,2026-09-01 13:26:42,gate3b_restricted_search,153,reference,30,0.0030362340943985407,xavier,407.0
882,2026-09-01 13:26:43,gate3b_restricted_search,153,reference,31,0.019204792096438612,he,183.0
883,2026-09-01 13:26:43,gate3b_restricted_search,153,reference,32,0.016683546906325564,he,183.0
884,2026-09-01 13:26:44,gate3b_restricted_search,153,reference,33,0.06373313865499977,he,657.0
885,2026-09-01 13:26:44,gate3b_restricted_search,153,reference,34,0.014134375162668009,he,195.0
886,2026-09-01 13:26:44,gate3b_restricted_search,153,reference,35,0.03314643887177134,he,183.0
887,2026-09-01 13:26:45,gate3b_restricted_search,153,reference,36,0.09755019362848441,orthogonal,1600.0
888,2026-09-01 13:26:45,gate3b_restricted_search,153,reference,37,0.03359259716147213,he,183.0
889,2026-09-01 13:26:45,gate3b_restricted_search,153,reference,38,0.007134775005929777,xavier,195.0
890,2026-09-01 13:26:46,gate3b_restricted_search,153,reference,39,0.07191883768785552,orthogonal,1600.0
891,2026-09-01 13:26:46,gate3b_restricted_search,153,cold,0,0.0017826497151386949,xavier,564.0
892,2026-09-01 13:26:47,gate3b_restricted_search,153,cold,1,0.0002755926764027377,orthogonal,1600.0
893,2026-09-01 13:26:48,gate3b_restricted_search,153,cold,2,0.0015498955191377143,orthogonal,546.0
894,2026-09-01 13:26:49,gate3b_restricted_search,153,cold,3,0.00041054120168588934,xavier,1600.0
895,2026-09-01 13:26:50,gate3b_restricted_search,153,cold,4,0.001786135519762597,xavier,564.0
896,2026-09-01 13:26:50,gate3b_restricted_search,153,cold,5,0.025248390936171015,xavier,183.0
897,2026-09-01 13:26:50,gate3b_restricted_search,153,cold,6,0.04257625486011382,xavier,423.0
898,2026-09-01 13:26:51,gate3b_restricted_search,153,cold,7,0.0003232148147351276,xavier,1600.0
899,2026-09-01 13:26:51,gate3b_restricted_search,153,cold,8,0.07475987911298648,he,729.0
900,2026-09-01 13:26:52,gate3b_restricted_search,153,cold,9,0.011468398705751582,xavier,221.0
901,2026-09-01 13:26:52,gate3b_restricted_search,153,cold,10,0.014576193863035302,he,221.0
902,2026-09-01 13:26:52,gate3b_restricted_search,153,cold,11,0.012710606512951533,he,231.0
903,2026-09-01 13:26:52,gate3b_restricted_search,153,cold,12,0.01307460150352353,he,253.0
904,2026-09-01 13:26:52,gate3b_restricted_search,153,cold,13,0.02617075331193701,he,220.0
905,2026-09-01 13:26:53,gate3b_restricted_search,153,cold,14,0.007277381843354179,he,305.0
906,2026-09-01 13:26:53,gate3b_restricted_search,153,informed_restricted,0,0.0017826497151386949,orthogonal,546.0
907,2026-09-01 13:26:54,gate3b_restricted_search,153,informed_restricted,1,0.01448683388723935,orthogonal,225.0
908,2026-09-01 13:26:54,gate3b_restricted_search,153,informed_restricted,2,0.00010007903854383786,orthogonal,1600.0
909,2026-09-01 13:26:55,gate3b_restricted_search,153,informed_restricted,3,0.0008072307884499761,orthogonal,1600.0
910,2026-09-01 13:26:56,gate3b_restricted_search,153,informed_restricted,4,0.0002755926764027377,orthogonal,1600.0
911,2026-09-01 13:26:56,gate3b_restricted_search,153,informed_restricted,5,0.00018924123965722266,orthogonal,1600.0
912,2026-09-01 13:26:57,gate3b_restricted_search,153,informed_restricted,6,0.0003620600725744741,orthogonal,1600.0
913,2026-09-01 13:26:58,gate3b_restricted_search,153,informed_restricted,7,0.001088133500363589,orthogonal,1600.0
914,2026-09-01 13:26:58,gate3b_restricted_search,153,informed_restricted,8,0.0015498955191377143,orthogonal,546.0
915,2026-09-01 13:26:59,gate3b_restricted_search,153,informed_restricted,9,0.00413475900783472,orthogonal,330.0
916,2026-09-01 13:26:59,gate3b_restricted_search,153,informed_restricted,10,0.09290791998691832,orthogonal,1600.0
917,2026-09-01 13:27:00,gate3b_restricted_search,153,informed_restricted,11,0.011930383561222451,orthogonal,225.0
918,2026-09-01 13:27:00,gate3b_restricted_search,153,informed_restricted,12,0.016535107145461723,orthogonal,195.0
919,2026-09-01 13:27:00,gate3b_restricted_search,153,informed_restricted,13,0.022446911961699983,orthogonal,183.0
920,2026-09-01 13:27:01,gate3b_restricted_search,153,informed_restricted,14,0.05804656431752625,orthogonal,1600.0
921,2026-09-01 13:27:01,gate3b_restricted_search,153,universal_restricted,0,0.0017826497151386949,xavier,564.0
922,2026-09-01 13:27:01,gate3b_restricted_search,153,universal_restricted,1,0.01448683388723935,xavier,195.0
923,2026-09-01 13:27:02,gate3b_restricted_search,153,universal_restricted,2,0.00010007903854383786,xavier,1600.0
924,2026-09-01 13:27:03,gate3b_restricted_search,153,universal_restricted,3,0.0008072307884499761,xavier,1600.0
925,2026-09-01 13:27:03,gate3b_restricted_search,153,universal_restricted,4,0.0002755926764027377,xavier,1600.0
926,2026-09-01 13:27:04,gate3b_restricted_search,153,universal_restricted,5,0.00018924123965722266,xavier,1600.0
927,2026-09-01 13:27:05,gate3b_restricted_search,153,universal_restricted,6,0.0003620600725744741,xavier,1600.0
928,2026-09-01 13:27:05,gate3b_restricted_search,153,universal_restricted,7,0.001088133500363589,xavier,1600.0
929,2026-09-01 13:27:06,gate3b_restricted_search,153,universal_restricted,8,0.0015498955191377143,xavier,642.0
930,2026-09-01 13:27:06,gate3b_restricted_search,153,universal_restricted,9,0.00413475900783472,xavier,365.0
931,2026-09-01 13:27:07,gate3b_restricted_search,153,universal_restricted,10,0.09290791998691832,xavier,1600.0
932,2026-09-01 13:27:07,gate3b_restricted_search,153,universal_restricted,11,0.011930383561222451,xavier,221.0
933,2026-09-01 13:27:07,gate3b_restricted_search,153,universal_restricted,12,0.016535107145461723,xavier,195.0
934,2026-09-01 13:27:08,gate3b_restricted_search,153,universal_restricted,13,0.022446911961699983,xavier,227.0
935,2026-09-01 13:27:08,gate3b_restricted_search,153,universal_restricted,14,0.02354874493860281,xavier,220.0
936,2026-09-01 13:27:08,gate3b_restricted_search,161,reference,0,0.004430375245218269,xavier,189.0
937,2026-09-01 13:27:08,gate3b_restricted_search,161,reference,1,0.0018662266976517971,orthogonal,222.0
938,2026-09-01 13:27:08,gate3b_restricted_search,161,reference,2,0.07780155576901421,he,252.0
939,2026-09-01 13:27:09,gate3b_restricted_search,161,reference,3,0.005059803874660437,xavier,139.0
940,2026-09-01 13:27:09,gate3b_restricted_search,161,reference,4,0.00011498870747119459,orthogonal,1600.0
941,2026-09-01 13:27:10,gate3b_restricted_search,161,reference,5,0.08626905220714905,xavier,289.0
942,2026-09-01 13:27:10,gate3b_restricted_search,161,reference,6,0.00022637229697395497,orthogonal,1600.0
943,2026-09-01 13:27:11,gate3b_restricted_search,161,reference,7,0.0036774346621052147,orthogonal,191.0
944,2026-09-01 13:27:11,gate3b_restricted_search,161,reference,8,0.0023358825194833557,orthogonal,222.0
945,2026-09-01 13:27:11,gate3b_restricted_search,161,reference,9,0.006859416411328701,he,175.0
946,2026-09-01 13:27:11,gate3b_restricted_search,161,reference,10,0.019907506982928588,xavier,105.0
947,2026-09-01 13:27:11,gate3b_restricted_search,161,reference,11,0.017533865456901297,xavier,95.0
948,2026-09-01 13:27:11,gate3b_restricted_search,161,reference,12,0.021644937500336026,xavier,113.0
949,2026-09-01 13:27:11,gate3b_restricted_search,161,reference,13,0.020527514539894275,xavier,103.0
950,2026-09-01 13:27:11,gate3b_restricted_search,161,reference,14,0.020780055187987475,xavier,103.0
951,2026-09-01 13:27:12,gate3b_restricted_search,161,reference,15,0.000694465168883101,xavier,1600.0
952,2026-09-01 13:27:12,gate3b_restricted_search,161,reference,16,0.011599421468819674,xavier,95.0
953,2026-09-01 13:27:12,gate3b_restricted_search,161,reference,17,0.010344633424502524,he,151.0
954,2026-09-01 13:27:12,gate3b_restricted_search,161,reference,18,0.03986199259995958,xavier,98.0
955,2026-09-01 13:27:13,gate3b_restricted_search,161,reference,19,0.0010503533449916396,xavier,300.0
956,2026-09-01 13:27:13,gate3b_restricted_search,161,reference,20,0.01142196812728118,he,116.0
957,2026-09-01 13:27:13,gate3b_restricted_search,161,reference,21,0.05424472241524054,xavier,137.0
958,2026-09-01 13:27:13,gate3b_restricted_search,161,reference,22,0.050225762035565585,xavier,98.0
959,2026-09-01 13:27:13,gate3b_restricted_search,161,reference,23,0.03256892082464625,xavier,98.0
960,2026-09-01 13:27:14,gate3b_restricted_search,161,reference,24,0.010336341934548396,xavier,79.0
961,2026-09-01 13:27:14,gate3b_restricted_search,161,reference,25,0.009626216434502097,xavier,95.0
962,2026-09-01 13:27:14,gate3b_restricted_search,161,reference,26,0.012196019352405068,xavier,79.0
963,2026-09-01 13:27:14,gate3b_restricted_search,161,reference,27,0.007186019997739254,xavier,139.0
964,2026-09-01 13:27:14,gate3b_restricted_search,161,reference,28,0.0026595387349927857,xavier,300.0
965,2026-09-01 13:27:15,gate3b_restricted_search,161,reference,29,0.004934101762621705,he,232.0
966,2026-09-01 13:27:15,gate3b_restricted_search,161,reference,30,0.012957908088892021,xavier,95.0
967,2026-09-01 13:27:15,gate3b_restricted_search,161,reference,31,0.013984605220302242,xavier,95.0
968,2026-09-01 13:27:15,gate3b_restricted_search,161,reference,32,0.030765570967186157,xavier,66.0
969,2026-09-01 13:27:15,gate3b_restricted_search,161,reference,33,0.006942965121093849,xavier,139.0
970,2026-09-01 13:27:15,gate3b_restricted_search,161,reference,34,0.03799429851695837,xavier,101.0
971,2026-09-01 13:27:15,gate3b_restricted_search,161,reference,35,0.027378577134967396,xavier,98.0
972,2026-09-01 13:27:16,gate3b_restricted_search,161,reference,36,0.06375439828431252,orthogonal,222.0
973,2026-09-01 13:27:16,gate3b_restricted_search,161,reference,37,0.09830579657270125,xavier,457.0
974,2026-09-01 13:27:17,gate3b_restricted_search,161,reference,38,0.003678569236559858,he,314.0
975,2026-09-01 13:27:17,gate3b_restricted_search,161,reference,39,0.008176453866618387,orthogonal,95.0
976,2026-09-01 13:27:17,gate3b_restricted_search,161,cold,0,0.0017826497151386949,xavier,310.0
977,2026-09-01 13:27:19,gate3b_restricted_search,161,cold,1,0.0002755926764027377,orthogonal,1600.0
978,2026-09-01 13:27:19,gate3b_restricted_search,161,cold,2,0.0015498955191377143,orthogonal,222.0
979,2026-09-01 13:27:20,gate3b_restricted_search,161,cold,3,0.00041054120168588934,xavier,1600.0
980,2026-09-01 13:27:20,gate3b_restricted_search,161,cold,4,0.001786135519762597,xavier,300.0
981,2026-09-01 13:27:20,gate3b_restricted_search,161,cold,5,0.025248390936171015,xavier,98.0
982,2026-09-01 13:27:21,gate3b_restricted_search,161,cold,6,0.04257625486011382,xavier,98.0
983,2026-09-01 13:27:22,gate3b_restricted_search,161,cold,7,0.0003232148147351276,xavier,1600.0
984,2026-09-01 13:27:22,gate3b_restricted_search,161,cold,8,0.07475987911298648,he,205.0
985,2026-09-01 13:27:22,gate3b_restricted_search,161,cold,9,0.011468398705751582,xavier,103.0
986,2026-09-01 13:27:22,gate3b_restricted_search,161,cold,10,0.014576193863035302,he,145.0
987,2026-09-01 13:27:22,gate3b_restricted_search,161,cold,11,0.0797234062203645,xavier,113.0
988,2026-09-01 13:27:23,gate3b_restricted_search,161,cold,12,0.018729908809075033,xavier,103.0
989,2026-09-01 13:27:23,gate3b_restricted_search,161,cold,13,0.031234904643959893,xavier,91.0
990,2026-09-01 13:27:23,gate3b_restricted_search,161,cold,14,0.007330807339450185,orthogonal,95.0
991,2026-09-01 13:27:23,gate3b_restricted_search,161,informed_restricted,0,0.0017826497151386949,xavier,310.0
992,2026-09-01 13:27:24,gate3b_restricted_search,161,informed_restricted,1,0.01448683388723935,xavier,95.0
993,2026-09-01 13:27:24,gate3b_restricted_search,161,informed_restricted,2,0.00010007903854383786,xavier,1600.0
994,2026-09-01 13:27:25,gate3b_restricted_search,161,informed_restricted,3,0.0008072307884499761,xavier,680.0
995,2026-09-01 13:27:26,gate3b_restricted_search,161,informed_restricted,4,0.0002755926764027377,xavier,1600.0
996,2026-09-01 13:27:27,gate3b_restricted_search,161,informed_restricted,5,0.00018924123965722266,xavier,1600.0
997,2026-09-01 13:27:28,gate3b_restricted_search,161,informed_restricted,6,0.0003620600725744741,xavier,1600.0
998,2026-09-01 13:27:29,gate3b_restricted_search,161,informed_restricted,7,0.001088133500363589,xavier,515.0
999,2026-09-01 13:27:30,gate3b_restricted_search,161,informed_restricted,8,0.0015498955191377143,xavier,364.0
1000,2026-09-01 13:27:30,gate3b_restricted_search,161,informed_restricted,9,0.00413475900783472,xavier,205.0
1001,2026-09-01 13:27:30,gate3b_restricted_search,161,informed_restricted,10,0.09290791998691832,xavier,228.0
1002,2026-09-01 13:27:30,gate3b_restricted_search,161,informed_restricted,11,0.011930383561222451,xavier,95.0
1003,2026-09-01 13:27:30,gate3b_restricted_search,161,informed_restricted,12,0.016535107145461723,xavier,95.0
1004,2026-09-01 13:27:31,gate3b_restricted_search,161,informed_restricted,13,0.01416591916805599,xavier,95.0
1005,2026-09-01 13:27:31,gate3b_restricted_search,161,informed_restricted,14,0.01553710788150454,xavier,95.0
1006,2026-09-01 13:27:31,gate3b_restricted_search,161,universal_restricted,0,0.0017826497151386949,xavier,310.0
1007,2026-09-01 13:27:31,gate3b_restricted_search,161,universal_restricted,1,0.01448683388723935,xavier,95.0
1008,2026-09-01 13:27:32,gate3b_restricted_search,161,universal_restricted,2,0.00010007903854383786,xavier,1600.0
1009,2026-09-01 13:27:33,gate3b_restricted_search,161,universal_restricted,3,0.0008072307884499761,xavier,680.0
1010,2026-09-01 13:27:34,gate3b_restricted_search,161,universal_restricted,4,0.0002755926764027377,xavier,1600.0
1011,2026-09-01 13:27:35,gate3b_restricted_search,161,universal_restricted,5,0.00018924123965722266,xavier,1600.0
1012,2026-09-01 13:27:36,gate3b_restricted_search,161,universal_restricted,6,0.0003620600725744741,xavier,1600.0
1013,2026-09-01 13:27:36,gate3b_restricted_search,161,universal_restricted,7,0.001088133500363589,xavier,515.0
1014,2026-09-01 13:27:37,gate3b_restricted_search,161,universal_restricted,8,0.0015498955191377143,xavier,364.0
1015,2026-09-01 13:27:37,gate3b_restricted_search,161,universal_restricted,9,0.00413475900783472,xavier,205.0
1016,2026-09-01 13:27:37,gate3b_restricted_search,161,universal_restricted,10,0.09290791998691832,xavier,228.0
1017,2026-09-01 13:27:37,gate3b_restricted_search,161,universal_restricted,11,0.011930383561222451,xavier,95.0
1018,2026-09-01 13:27:37,gate3b_restricted_search,161,universal_restricted,12,0.016535107145461723,xavier,95.0
1019,2026-09-01 13:27:37,gate3b_restricted_search,161,universal_restricted,13,0.01416591916805599,xavier,95.0
1020,2026-09-01 13:27:38,gate3b_restricted_search,161,universal_restricted,14,0.01553710788150454,xavier,95.0
1021,2026-09-01 13:27:38,gate3b_restricted_search,162,reference,0,0.004430375245218269,xavier,311.0
1022,2026-09-01 13:27:39,gate3b_restricted_search,162,reference,1,0.0018662266976517971,orthogonal,671.0
1023,2026-09-01 13:27:40,gate3b_restricted_search,162,reference,2,0.07780155576901421,he,591.0
1024,2026-09-01 13:27:40,gate3b_restricted_search,162,reference,3,0.005059803874660437,xavier,357.0
1025,2026-09-01 13:27:41,gate3b_restricted_search,162,reference,4,0.00011498870747119459,orthogonal,1600.0
1026,2026-09-01 13:27:42,gate3b_restricted_search,162,reference,5,0.08626905220714905,xavier,600.0
1027,2026-09-01 13:27:43,gate3b_restricted_search,162,reference,6,0.00022637229697395497,orthogonal,1600.0
1028,2026-09-01 13:27:43,gate3b_restricted_search,162,reference,7,0.0036774346621052147,orthogonal,378.0
1029,2026-09-01 13:27:44,gate3b_restricted_search,162,reference,8,0.0023358825194833557,orthogonal,647.0
1030,2026-09-01 13:27:45,gate3b_restricted_search,162,reference,9,0.006859416411328701,he,374.0
1031,2026-09-01 13:27:45,gate3b_restricted_search,162,reference,10,0.019907506982928588,xavier,156.0
1032,2026-09-01 13:27:45,gate3b_restricted_search,162,reference,11,0.020814104803987817,xavier,133.0
1033,2026-09-01 13:27:45,gate3b_restricted_search,162,reference,12,0.021644937500336026,xavier,103.0
1034,2026-09-01 13:27:45,gate3b_restricted_search,162,reference,13,0.020527514539894275,xavier,165.0
1035,2026-09-01 13:27:46,gate3b_restricted_search,162,reference,14,0.023517792775518732,xavier,181.0
1036,2026-09-01 13:27:47,gate3b_restricted_search,162,reference,15,0.0007200507999485324,xavier,1600.0
1037,2026-09-01 13:27:47,gate3b_restricted_search,162,reference,16,0.011956651216611665,xavier,317.0
1038,2026-09-01 13:27:47,gate3b_restricted_search,162,reference,17,0.039274142660819314,he,467.0
1039,2026-09-01 13:27:48,gate3b_restricted_search,162,reference,18,0.042933318316338925,xavier,592.0
1040,2026-09-01 13:27:48,gate3b_restricted_search,162,reference,19,0.010566903295943383,xavier,220.0
1041,2026-09-01 13:27:49,gate3b_restricted_search,162,reference,20,0.0009712798508231742,he,1600.0
1042,2026-09-01 13:27:49,gate3b_restricted_search,162,reference,21,0.01892798692467672,xavier,165.0
1043,2026-09-01 13:27:50,gate3b_restricted_search,162,reference,22,0.04589899866247784,xavier,529.0
1044,2026-09-01 13:27:50,gate3b_restricted_search,162,reference,23,0.010155063855043101,xavier,220.0
1045,2026-09-01 13:27:51,gate3b_restricted_search,162,reference,24,0.02590845460307929,xavier,103.0
1046,2026-09-01 13:27:51,gate3b_restricted_search,162,reference,25,0.03269890887849611,xavier,220.0
1047,2026-09-01 13:27:51,gate3b_restricted_search,162,reference,26,0.011786015038922617,xavier,224.0
1048,2026-09-01 13:27:52,gate3b_restricted_search,162,reference,27,0.06912934676752218,xavier,1600.0
1049,2026-09-01 13:27:53,gate3b_restricted_search,162,reference,28,0.027584210311092587,he,300.0
1050,2026-09-01 13:27:53,gate3b_restricted_search,162,reference,29,0.006816384595663999,xavier,281.0
1051,2026-09-01 13:27:54,gate3b_restricted_search,162,reference,30,0.0563788325886094,xavier,496.0
1052,2026-09-01 13:27:54,gate3b_restricted_search,162,reference,31,0.016432566151852603,xavier,224.0
1053,2026-09-01 13:27:54,gate3b_restricted_search,162,reference,32,0.016683546906325564,xavier,220.0
1054,2026-09-01 13:27:54,gate3b_restricted_search,162,reference,33,0.03025494516397678,xavier,103.0
1055,2026-09-01 13:27:55,gate3b_restricted_search,162,reference,34,0.09616347927899721,xavier,681.0
1056,2026-09-01 13:27:55,gate3b_restricted_search,162,reference,35,0.030807203515186312,xavier,221.0
1057,2026-09-01 13:27:56,gate3b_restricted_search,162,reference,36,0.007086807898082448,orthogonal,359.0
1058,2026-09-01 13:27:57,gate3b_restricted_search,162,reference,37,0.05915568557759106,xavier,1600.0
1059,2026-09-01 13:27:57,gate3b_restricted_search,162,reference,38,0.0038376544403569022,he,642.0
1060,2026-09-01 13:27:58,gate3b_restricted_search,162,reference,39,0.013723926202448913,orthogonal,359.0
1061,2026-09-01 13:27:59,gate3b_restricted_search,162,cold,0,0.0017826497151386949,xavier,1600.0
1062,2026-09-01 13:28:00,gate3b_restricted_search,162,cold,1,0.0002755926764027377,orthogonal,1600.0
1063,2026-09-01 13:28:01,gate3b_restricted_search,162,cold,2,0.0015498955191377143,orthogonal,720.0
1064,2026-09-01 13:28:03,gate3b_restricted_search,162,cold,3,0.00041054120168588934,xavier,1600.0
1065,2026-09-01 13:28:04,gate3b_restricted_search,162,cold,4,0.001786135519762597,xavier,1600.0
1066,2026-09-01 13:28:04,gate3b_restricted_search,162,cold,5,0.025248390936171015,xavier,103.0
1067,2026-09-01 13:28:04,gate3b_restricted_search,162,cold,6,0.04257625486011382,xavier,133.0
1068,2026-09-01 13:28:05,gate3b_restricted_search,162,cold,7,0.0003232148147351276,xavier,1600.0
1069,2026-09-01 13:28:06,gate3b_restricted_search,162,cold,8,0.07475987911298648,he,497.0
1070,2026-09-01 13:28:06,gate3b_restricted_search,162,cold,9,0.011468398705751582,xavier,334.0
1071,2026-09-01 13:28:07,gate3b_restricted_search,162,cold,10,0.014576193863035302,he,372.0
1072,2026-09-01 13:28:08,gate3b_restricted_search,162,cold,11,0.0797234062203645,xavier,1600.0
1073,2026-09-01 13:28:08,gate3b_restricted_search,162,cold,12,0.018729908809075033,xavier,237.0
1074,2026-09-01 13:28:08,gate3b_restricted_search,162,cold,13,0.031234904643959893,xavier,129.0
1075,2026-09-01 13:28:09,gate3b_restricted_search,162,cold,14,0.007330807339450185,orthogonal,316.0
1076,2026-09-01 13:28:09,gate3b_restricted_search,162,informed_restricted,0,0.0017826497151386949,orthogonal,720.0
1077,2026-09-01 13:28:10,gate3b_restricted_search,162,informed_restricted,1,0.01448683388723935,orthogonal,265.0
1078,2026-09-01 13:28:11,gate3b_restricted_search,162,informed_restricted,2,0.00010007903854383786,orthogonal,1600.0
1079,2026-09-01 13:28:12,gate3b_restricted_search,162,informed_restricted,3,0.0008072307884499761,orthogonal,1600.0
1080,2026-09-01 13:28:13,gate3b_restricted_search,162,informed_restricted,4,0.0002755926764027377,orthogonal,1600.0
1081,2026-09-01 13:28:14,gate3b_restricted_search,162,informed_restricted,5,0.00018924123965722266,orthogonal,1600.0
1082,2026-09-01 13:28:15,gate3b_restricted_search,162,informed_restricted,6,0.0003620600725744741,orthogonal,1600.0
1083,2026-09-01 13:28:16,gate3b_restricted_search,162,informed_restricted,7,0.001088133500363589,orthogonal,1600.0
1084,2026-09-01 13:28:17,gate3b_restricted_search,162,informed_restricted,8,0.0015498955191377143,orthogonal,720.0
1085,2026-09-01 13:28:17,gate3b_restricted_search,162,informed_restricted,9,0.00413475900783472,orthogonal,378.0
1086,2026-09-01 13:28:19,gate3b_restricted_search,162,informed_restricted,10,0.09290791998691832,orthogonal,1600.0
1087,2026-09-01 13:28:19,gate3b_restricted_search,162,informed_restricted,11,0.011930383561222451,orthogonal,252.0
1088,2026-09-01 13:28:20,gate3b_restricted_search,162,informed_restricted,12,0.016535107145461723,orthogonal,334.0
1089,2026-09-01 13:28:20,gate3b_restricted_search,162,informed_restricted,13,0.01416591916805599,orthogonal,285.0
1090,2026-09-01 13:28:21,gate3b_restricted_search,162,informed_restricted,14,0.01553710788150454,orthogonal,374.0
1091,2026-09-01 13:28:22,gate3b_restricted_search,162,universal_restricted,0,0.0017826497151386949,xavier,1600.0
1092,2026-09-01 13:28:22,gate3b_restricted_search,162,universal_restricted,1,0.01448683388723935,xavier,224.0
1093,2026-09-01 13:28:23,gate3b_restricted_search,162,universal_restricted,2,0.00010007903854383786,xavier,1600.0
1094,2026-09-01 13:28:24,gate3b_restricted_search,162,universal_restricted,3,0.0008072307884499761,xavier,1600.0
1095,2026-09-01 13:28:25,gate3b_restricted_search,162,universal_restricted,4,0.0002755926764027377,xavier,1600.0
1096,2026-09-01 13:28:26,gate3b_restricted_search,162,universal_restricted,5,0.00018924123965722266,xavier,1600.0
1097,2026-09-01 13:28:27,gate3b_restricted_search,162,universal_restricted,6,0.0003620600725744741,xavier,1600.0
1098,2026-09-01 13:28:28,gate3b_restricted_search,162,universal_restricted,7,0.001088133500363589,xavier,1600.0
1099,2026-09-01 13:28:29,gate3b_restricted_search,162,universal_restricted,8,0.0015498955191377143,xavier,1600.0
1100,2026-09-01 13:28:29,gate3b_restricted_search,162,universal_restricted,9,0.00413475900783472,xavier,432.0
1101,2026-09-01 13:28:30,gate3b_restricted_search,162,universal_restricted,10,0.09290791998691832,xavier,1600.0
1102,2026-09-01 13:28:31,gate3b_restricted_search,162,universal_restricted,11,0.011930383561222451,xavier,334.0
1103,2026-09-01 13:28:31,gate3b_restricted_search,162,universal_restricted,12,0.016535107145461723,xavier,211.0
1104,2026-09-01 13:28:31,gate3b_restricted_search,162,universal_restricted,13,0.022446911961699983,xavier,220.0
1105,2026-09-01 13:28:31,gate3b_restricted_search,162,universal_restricted,14,0.02354874493860281,xavier,181.0
1106,2026-09-01 13:28:32,gate3b_restricted_search,164,reference,0,0.004430375245218269,xavier,372.0
1107,2026-09-01 13:28:32,gate3b_restricted_search,164,reference,1,0.0018662266976517971,orthogonal,422.0
1108,2026-09-01 13:28:32,gate3b_restricted_search,164,reference,2,0.07780155576901421,he,332.0
1109,2026-09-01 13:28:33,gate3b_restricted_search,164,reference,3,0.005059803874660437,xavier,327.0
1110,2026-09-01 13:28:33,gate3b_restricted_search,164,reference,4,0.00011498870747119459,orthogonal,1600.0
1111,2026-09-01 13:28:33,gate3b_restricted_search,164,reference,5,0.08626905220714905,xavier,309.0
1112,2026-09-01 13:28:34,gate3b_restricted_search,164,reference,6,0.00022637229697395497,orthogonal,1600.0
1113,2026-09-01 13:28:35,gate3b_restricted_search,164,reference,7,0.0036774346621052147,orthogonal,422.0
1114,2026-09-01 13:28:35,gate3b_restricted_search,164,reference,8,0.0023358825194833557,orthogonal,422.0
1115,2026-09-01 13:28:35,gate3b_restricted_search,164,reference,9,0.006859416411328701,he,229.0
1116,2026-09-01 13:28:35,gate3b_restricted_search,164,reference,10,0.019907506982928588,he,227.0
1117,2026-09-01 13:28:36,gate3b_restricted_search,164,reference,11,0.020814104803987817,he,259.0
1118,2026-09-01 13:28:36,gate3b_restricted_search,164,reference,12,0.016044606150810846,he,259.0
1119,2026-09-01 13:28:36,gate3b_restricted_search,164,reference,13,0.015769071584025966,he,264.0
1120,2026-09-01 13:28:37,gate3b_restricted_search,164,reference,14,0.0008619247845699831,he,1600.0
1121,2026-09-01 13:28:37,gate3b_restricted_search,164,reference,15,0.031488332841565325,he,145.0
1122,2026-09-01 13:28:37,gate3b_restricted_search,164,reference,16,0.03744312368804204,he,177.0
1123,2026-09-01 13:28:37,gate3b_restricted_search,164,reference,17,0.0483903377063538,he,202.0
1124,2026-09-01 13:28:37,gate3b_restricted_search,164,reference,18,0.03863473695425361,he,198.0
1125,2026-09-01 13:28:38,gate3b_restricted_search,164,reference,19,0.0377064817545237,he,168.0
1126,2026-09-01 13:28:38,gate3b_restricted_search,164,reference,20,0.0006333212248179553,xavier,1600.0
1127,2026-09-01 13:28:39,gate3b_restricted_search,164,reference,21,0.03874565041139175,he,160.0
1128,2026-09-01 13:28:39,gate3b_restricted_search,164,reference,22,0.008552255430198255,he,295.0
1129,2026-09-01 13:28:39,gate3b_restricted_search,164,reference,23,0.03256892082464625,he,253.0
1130,2026-09-01 13:28:39,gate3b_restricted_search,164,reference,24,0.010787009344677918,he,295.0
1131,2026-09-01 13:28:40,gate3b_restricted_search,164,reference,25,0.060384968271982295,he,179.0
1132,2026-09-01 13:28:40,gate3b_restricted_search,164,reference,26,0.028084637299214503,he,275.0
1133,2026-09-01 13:28:40,gate3b_restricted_search,164,reference,27,0.08595846687557818,he,241.0
1134,2026-09-01 13:28:40,gate3b_restricted_search,164,reference,28,0.012240763810860747,xavier,164.0
1135,2026-09-01 13:28:40,gate3b_restricted_search,164,reference,29,0.011213101236839353,xavier,229.0
1136,2026-09-01 13:28:41,gate3b_restricted_search,164,reference,30,0.003912247831269999,xavier,372.0
1137,2026-09-01 13:28:41,gate3b_restricted_search,164,reference,31,0.023038212611273576,xavier,168.0
1138,2026-09-01 13:28:41,gate3b_restricted_search,164,reference,32,0.025166028739470023,xavier,114.0
1139,2026-09-01 13:28:41,gate3b_restricted_search,164,reference,33,0.011341287707731995,xavier,177.0
1140,2026-09-01 13:28:41,gate3b_restricted_search,164,reference,34,0.05306573260050124,xavier,114.0
1141,2026-09-01 13:28:42,gate3b_restricted_search,164,reference,35,0.05425959974101538,xavier,146.0
1142,2026-09-01 13:28:42,gate3b_restricted_search,164,reference,36,0.09847808450696573,xavier,319.0
1143,2026-09-01 13:28:42,gate3b_restricted_search,164,reference,37,0.06038439170939685,xavier,246.0
1144,2026-09-01 13:28:42,gate3b_restricted_search,164,reference,38,0.05942566355529198,xavier,227.0
1145,2026-09-01 13:28:42,gate3b_restricted_search,164,reference,39,0.02570970609215957,xavier,168.0
1146,2026-09-01 13:28:43,gate3b_restricted_search,164,cold,0,0.0017826497151386949,xavier,422.0
1147,2026-09-01 13:28:43,gate3b_restricted_search,164,cold,1,0.0002755926764027377,orthogonal,1600.0
1148,2026-09-01 13:28:44,gate3b_restricted_search,164,cold,2,0.0015498955191377143,orthogonal,1600.0
1149,2026-09-01 13:28:45,gate3b_restricted_search,164,cold,3,0.00041054120168588934,xavier,1600.0
1150,2026-09-01 13:28:45,gate3b_restricted_search,164,cold,4,0.001786135519762597,xavier,422.0
1151,2026-09-01 13:28:46,gate3b_restricted_search,164,cold,5,0.025248390936171015,xavier,204.0
1152,2026-09-01 13:28:46,gate3b_restricted_search,164,cold,6,0.04257625486011382,xavier,124.0
1153,2026-09-01 13:28:46,gate3b_restricted_search,164,cold,7,0.0003232148147351276,xavier,1600.0
1154,2026-09-01 13:28:47,gate3b_restricted_search,164,cold,8,0.07475987911298648,he,198.0
1155,2026-09-01 13:28:47,gate3b_restricted_search,164,cold,9,0.011468398705751582,xavier,177.0
1156,2026-09-01 13:28:47,gate3b_restricted_search,164,cold,10,0.09344501034181055,he,475.0
1157,2026-09-01 13:28:47,gate3b_restricted_search,164,cold,11,0.010686274357222558,xavier,229.0
1158,2026-09-01 13:28:48,gate3b_restricted_search,164,cold,12,0.011001133191439064,xavier,229.0
1159,2026-09-01 13:28:48,gate3b_restricted_search,164,cold,13,0.02262016608435779,xavier,168.0
1160,2026-09-01 13:28:48,gate3b_restricted_search,164,cold,14,0.029536192121405676,orthogonal,114.0
1161,2026-09-01 13:28:49,gate3b_restricted_search,164,informed_restricted,0,0.0017826497151386949,xavier,422.0
1162,2026-09-01 13:28:49,gate3b_restricted_search,164,informed_restricted,1,0.01448683388723935,xavier,162.0
1163,2026-09-01 13:28:49,gate3b_restricted_search,164,informed_restricted,2,0.00010007903854383786,xavier,1600.0
1164,2026-09-01 13:28:50,gate3b_restricted_search,164,informed_restricted,3,0.0008072307884499761,xavier,1600.0
1165,2026-09-01 13:28:51,gate3b_restricted_search,164,informed_restricted,4,0.0002755926764027377,xavier,1600.0
1166,2026-09-01 13:28:52,gate3b_restricted_search,164,informed_restricted,5,0.00018924123965722266,xavier,1600.0
1167,2026-09-01 13:28:52,gate3b_restricted_search,164,informed_restricted,6,0.0003620600725744741,xavier,1600.0
1168,2026-09-01 13:28:53,gate3b_restricted_search,164,informed_restricted,7,0.001088133500363589,xavier,1600.0
1169,2026-09-01 13:28:54,gate3b_restricted_search,164,informed_restricted,8,0.0015498955191377143,xavier,453.0
1170,2026-09-01 13:28:54,gate3b_restricted_search,164,informed_restricted,9,0.00413475900783472,xavier,350.0
1171,2026-09-01 13:28:54,gate3b_restricted_search,164,informed_restricted,10,0.09290791998691832,xavier,342.0
1172,2026-09-01 13:28:54,gate3b_restricted_search,164,informed_restricted,11,0.07785058870653301,xavier,198.0
1173,2026-09-01 13:28:55,gate3b_restricted_search,164,informed_restricted,12,0.0464700795252923,xavier,114.0
1174,2026-09-01 13:28:55,gate3b_restricted_search,164,informed_restricted,13,0.01780718886107045,xavier,200.0
1175,2026-09-01 13:28:55,gate3b_restricted_search,164,informed_restricted,14,0.01962756878849319,xavier,168.0
1176,2026-09-01 13:28:55,gate3b_restricted_search,164,universal_restricted,0,0.0017826497151386949,xavier,422.0
1177,2026-09-01 13:28:55,gate3b_restricted_search,164,universal_restricted,1,0.01448683388723935,xavier,162.0
1178,2026-09-01 13:28:56,gate3b_restricted_search,164,universal_restricted,2,0.00010007903854383786,xavier,1600.0
1179,2026-09-01 13:28:57,gate3b_restricted_search,164,universal_restricted,3,0.0008072307884499761,xavier,1600.0
1180,2026-09-01 13:28:58,gate3b_restricted_search,164,universal_restricted,4,0.0002755926764027377,xavier,1600.0
1181,2026-09-01 13:28:58,gate3b_restricted_search,164,universal_restricted,5,0.00018924123965722266,xavier,1600.0
1182,2026-09-01 13:28:59,gate3b_restricted_search,164,universal_restricted,6,0.0003620600725744741,xavier,1600.0
1183,2026-09-01 13:29:00,gate3b_restricted_search,164,universal_restricted,7,0.001088133500363589,xavier,1600.0
1184,2026-09-01 13:29:00,gate3b_restricted_search,164,universal_restricted,8,0.0015498955191377143,xavier,453.0
1185,2026-09-01 13:29:01,gate3b_restricted_search,164,universal_restricted,9,0.00413475900783472,xavier,350.0
1186,2026-09-01 13:29:01,gate3b_restricted_search,164,universal_restricted,10,0.09290791998691832,xavier,342.0
1187,2026-09-01 13:29:01,gate3b_restricted_search,164,universal_restricted,11,0.07785058870653301,xavier,198.0
1188,2026-09-01 13:29:01,gate3b_restricted_search,164,universal_restricted,12,0.0464700795252923,xavier,114.0
1189,2026-09-01 13:29:01,gate3b_restricted_search,164,universal_restricted,13,0.01780718886107045,xavier,200.0
1190,2026-09-01 13:29:02,gate3b_restricted_search,164,universal_restricted,14,0.01962756878849319,xavier,168.0
1191,2026-09-01 13:29:02,gate3b_restricted_search,165,reference,0,0.004430375245218269,xavier,218.0
1192,2026-09-01 13:29:03,gate3b_restricted_search,165,reference,1,0.0018662266976517971,orthogonal,484.0
1193,2026-09-01 13:29:04,gate3b_restricted_search,165,reference,2,0.07780155576901421,he,286.0
1194,2026-09-01 13:29:04,gate3b_restricted_search,165,reference,3,0.005059803874660437,xavier,218.0
1195,2026-09-01 13:29:05,gate3b_restricted_search,165,reference,4,0.00011498870747119459,orthogonal,1600.0
1196,2026-09-01 13:29:06,gate3b_restricted_search,165,reference,5,0.08626905220714905,xavier,205.0
1197,2026-09-01 13:29:06,gate3b_restricted_search,165,reference,6,0.00022637229697395497,orthogonal,1600.0
1198,2026-09-01 13:29:07,gate3b_restricted_search,165,reference,7,0.0036774346621052147,orthogonal,203.0
1199,2026-09-01 13:29:07,gate3b_restricted_search,165,reference,8,0.0023358825194833557,orthogonal,332.0
1200,2026-09-01 13:29:07,gate3b_restricted_search,165,reference,9,0.006859416411328701,he,218.0
1201,2026-09-01 13:29:08,gate3b_restricted_search,165,reference,10,0.07162629642639848,xavier,286.0
1202,2026-09-01 13:29:08,gate3b_restricted_search,165,reference,11,0.01987003445315026,xavier,93.0
1203,2026-09-01 13:29:08,gate3b_restricted_search,165,reference,12,0.02365310875574803,xavier,130.0
1204,2026-09-01 13:29:08,gate3b_restricted_search,165,reference,13,0.020527514539894275,xavier,93.0
1205,2026-09-01 13:29:08,gate3b_restricted_search,165,reference,14,0.021178889448851296,xavier,93.0
1206,2026-09-01 13:29:08,gate3b_restricted_search,165,reference,15,0.016272512253749993,xavier,115.0
1207,2026-09-01 13:29:09,gate3b_restricted_search,165,reference,16,0.0010055658350726655,xavier,678.0
1208,2026-09-01 13:29:09,gate3b_restricted_search,165,reference,17,0.01157966890426716,he,193.0
1209,2026-09-01 13:29:09,gate3b_restricted_search,165,reference,18,0.03617781834189423,xavier,130.0
1210,2026-09-01 13:29:10,gate3b_restricted_search,165,reference,19,0.0377064817545237,xavier,130.0
1211,2026-09-01 13:29:11,gate3b_restricted_search,165,reference,20,0.0007191317599647165,he,678.0
1212,2026-09-01 13:29:11,gate3b_restricted_search,165,reference,21,0.010070130744242027,xavier,115.0
1213,2026-09-01 13:29:11,gate3b_restricted_search,165,reference,22,0.026657298778879037,xavier,93.0
1214,2026-09-01 13:29:11,gate3b_restricted_search,165,reference,23,0.040860742017402196,xavier,167.0
1215,2026-09-01 13:29:11,gate3b_restricted_search,165,reference,24,0.011171031592908881,xavier,205.0
1216,2026-09-01 13:29:11,gate3b_restricted_search,165,reference,25,0.027781928981779565,xavier,93.0
1217,2026-09-01 13:29:12,gate3b_restricted_search,165,reference,26,0.039915335638036224,xavier,130.0
1218,2026-09-01 13:29:12,gate3b_restricted_search,165,reference,27,0.007939961212181986,xavier,193.0
1219,2026-09-01 13:29:12,gate3b_restricted_search,165,reference,28,0.026764964490523693,xavier,93.0
1220,2026-09-01 13:29:12,gate3b_restricted_search,165,reference,29,0.05283120870888212,he,181.0
1221,2026-09-01 13:29:13,gate3b_restricted_search,165,reference,30,0.013228317820250553,xavier,115.0
1222,2026-09-01 13:29:13,gate3b_restricted_search,165,reference,31,0.019204792096438612,xavier,102.0
1223,2026-09-01 13:29:13,gate3b_restricted_search,165,reference,32,0.025973407431798625,xavier,93.0
1224,2026-09-01 13:29:13,gate3b_restricted_search,165,reference,33,0.06335924531222982,xavier,240.0
1225,2026-09-01 13:29:13,gate3b_restricted_search,165,reference,34,0.005219396078405778,xavier,218.0
1226,2026-09-01 13:29:14,gate3b_restricted_search,165,reference,35,0.015252593300720553,xavier,115.0
1227,2026-09-01 13:29:14,gate3b_restricted_search,165,reference,36,0.0970255186797502,orthogonal,286.0
1228,2026-09-01 13:29:14,gate3b_restricted_search,165,reference,37,0.052285988969796277,xavier,123.0
1229,2026-09-01 13:29:14,gate3b_restricted_search,165,reference,38,0.003657034088454133,he,299.0
1230,2026-09-01 13:29:15,gate3b_restricted_search,165,reference,39,0.03050722621018822,orthogonal,85.0
1231,2026-09-01 13:29:15,gate3b_restricted_search,165,cold,0,0.0017826497151386949,xavier,332.0
1232,2026-09-01 13:29:17,gate3b_restricted_search,165,cold,1,0.0002755926764027377,orthogonal,1600.0
1233,2026-09-01 13:29:18,gate3b_restricted_search,165,cold,2,0.0015498955191377143,orthogonal,570.0
1234,2026-09-01 13:29:19,gate3b_restricted_search,165,cold,3,0.00041054120168588934,xavier,1600.0
1235,2026-09-01 13:29:19,gate3b_restricted_search,165,cold,4,0.001786135519762597,xavier,332.0
1236,2026-09-01 13:29:20,gate3b_restricted_search,165,cold,5,0.025248390936171015,xavier,93.0
1237,2026-09-01 13:29:20,gate3b_restricted_search,165,cold,6,0.04257625486011382,xavier,173.0
1238,2026-09-01 13:29:21,gate3b_restricted_search,165,cold,7,0.0003232148147351276,xavier,1600.0
1239,2026-09-01 13:29:21,gate3b_restricted_search,165,cold,8,0.07475987911298648,he,205.0
1240,2026-09-01 13:29:21,gate3b_restricted_search,165,cold,9,0.011468398705751582,xavier,115.0
1241,2026-09-01 13:29:22,gate3b_restricted_search,165,cold,10,0.014576193863035302,he,130.0
1242,2026-09-01 13:29:22,gate3b_restricted_search,165,cold,11,0.010686274357222558,xavier,205.0
1243,2026-09-01 13:29:22,gate3b_restricted_search,165,cold,12,0.012490731612965383,xavier,130.0
1244,2026-09-01 13:29:22,gate3b_restricted_search,165,cold,13,0.02373922934121738,xavier,93.0
1245,2026-09-01 13:29:23,gate3b_restricted_search,165,cold,14,0.030266230252587803,orthogonal,85.0
1246,2026-09-01 13:29:23,gate3b_restricted_search,165,informed_restricted,0,0.0017826497151386949,orthogonal,484.0
1247,2026-09-01 13:29:23,gate3b_restricted_search,165,informed_restricted,1,0.01448683388723935,orthogonal,85.0
1248,2026-09-01 13:29:25,gate3b_restricted_search,165,informed_restricted,2,0.00010007903854383786,orthogonal,1600.0
1249,2026-09-01 13:29:26,gate3b_restricted_search,165,informed_restricted,3,0.0008072307884499761,orthogonal,1600.0
1250,2026-09-01 13:29:27,gate3b_restricted_search,165,informed_restricted,4,0.0002755926764027377,orthogonal,1600.0
1251,2026-09-01 13:29:28,gate3b_restricted_search,165,informed_restricted,5,0.00018924123965722266,orthogonal,1600.0
1252,2026-09-01 13:29:30,gate3b_restricted_search,165,informed_restricted,6,0.0003620600725744741,orthogonal,1600.0
1253,2026-09-01 13:29:31,gate3b_restricted_search,165,informed_restricted,7,0.001088133500363589,orthogonal,678.0
1254,2026-09-01 13:29:31,gate3b_restricted_search,165,informed_restricted,8,0.0015498955191377143,orthogonal,570.0
1255,2026-09-01 13:29:32,gate3b_restricted_search,165,informed_restricted,9,0.00413475900783472,orthogonal,286.0
1256,2026-09-01 13:29:32,gate3b_restricted_search,165,informed_restricted,10,0.09290791998691832,orthogonal,85.0
1257,2026-09-01 13:29:32,gate3b_restricted_search,165,informed_restricted,11,0.07785058870653301,orthogonal,391.0
1258,2026-09-01 13:29:33,gate3b_restricted_search,165,informed_restricted,12,0.0797234062203645,orthogonal,240.0
1259,2026-09-01 13:29:33,gate3b_restricted_search,165,informed_restricted,13,0.017223705768801514,orthogonal,85.0
1260,2026-09-01 13:29:34,gate3b_restricted_search,165,informed_restricted,14,0.02354874493860281,orthogonal,71.0
1261,2026-09-01 13:29:34,gate3b_restricted_search,165,universal_restricted,0,0.0017826497151386949,xavier,332.0
1262,2026-09-01 13:29:34,gate3b_restricted_search,165,universal_restricted,1,0.01448683388723935,xavier,115.0
1263,2026-09-01 13:29:36,gate3b_restricted_search,165,universal_restricted,2,0.00010007903854383786,xavier,1600.0
1264,2026-09-01 13:29:37,gate3b_restricted_search,165,universal_restricted,3,0.0008072307884499761,xavier,731.0
1265,2026-09-01 13:29:38,gate3b_restricted_search,165,universal_restricted,4,0.0002755926764027377,xavier,1600.0
1266,2026-09-01 13:29:39,gate3b_restricted_search,165,universal_restricted,5,0.00018924123965722266,xavier,1600.0
1267,2026-09-01 13:29:40,gate3b_restricted_search,165,universal_restricted,6,0.0003620600725744741,xavier,1600.0
1268,2026-09-01 13:29:41,gate3b_restricted_search,165,universal_restricted,7,0.001088133500363589,xavier,570.0
1269,2026-09-01 13:29:42,gate3b_restricted_search,165,universal_restricted,8,0.0015498955191377143,xavier,332.0
1270,2026-09-01 13:29:42,gate3b_restricted_search,165,universal_restricted,9,0.00413475900783472,xavier,218.0
1271,2026-09-01 13:29:42,gate3b_restricted_search,165,universal_restricted,10,0.09290791998691832,xavier,173.0
1272,2026-09-01 13:29:43,gate3b_restricted_search,165,universal_restricted,11,0.07785058870653301,xavier,181.0
1273,2026-09-01 13:29:43,gate3b_restricted_search,165,universal_restricted,12,0.0797234062203645,xavier,123.0
1274,2026-09-01 13:29:43,gate3b_restricted_search,165,universal_restricted,13,0.01780718886107045,xavier,115.0
1275,2026-09-01 13:29:43,gate3b_restricted_search,165,universal_restricted,14,0.01553710788150454,xavier,115.0
1276,2026-09-01 13:29:44,gate3b_restricted_search,167,reference,0,0.004430375245218269,xavier,283.0
1277,2026-09-01 13:29:45,gate3b_restricted_search,167,reference,1,0.0018662266976517971,orthogonal,531.0
1278,2026-09-01 13:29:45,gate3b_restricted_search,167,reference,2,0.07780155576901421,he,465.0
1279,2026-09-01 13:29:46,gate3b_restricted_search,167,reference,3,0.005059803874660437,xavier,313.0
1280,2026-09-01 13:29:47,gate3b_restricted_search,167,reference,4,0.00011498870747119459,orthogonal,1600.0
1281,2026-09-01 13:29:48,gate3b_restricted_search,167,reference,5,0.08626905220714905,xavier,416.0
1282,2026-09-01 13:29:50,gate3b_restricted_search,167,reference,6,0.00022637229697395497,orthogonal,1600.0
1283,2026-09-01 13:29:50,gate3b_restricted_search,167,reference,7,0.0036774346621052147,orthogonal,340.0
1284,2026-09-01 13:29:51,gate3b_restricted_search,167,reference,8,0.0023358825194833557,orthogonal,531.0
1285,2026-09-01 13:29:51,gate3b_restricted_search,167,reference,9,0.006859416411328701,he,182.0
1286,2026-09-01 13:29:51,gate3b_restricted_search,167,reference,10,0.019907506982928588,he,182.0
1287,2026-09-01 13:29:51,gate3b_restricted_search,167,reference,11,0.020814104803987817,he,182.0
1288,2026-09-01 13:29:52,gate3b_restricted_search,167,reference,12,0.016044606150810846,he,182.0
1289,2026-09-01 13:29:52,gate3b_restricted_search,167,reference,13,0.015769071584025966,he,182.0
1290,2026-09-01 13:29:53,gate3b_restricted_search,167,reference,14,0.0008619247845699831,he,1600.0
1291,2026-09-01 13:29:53,gate3b_restricted_search,167,reference,15,0.031488332841565325,he,242.0
1292,2026-09-01 13:29:53,gate3b_restricted_search,167,reference,16,0.009442165317276308,he,182.0
1293,2026-09-01 13:29:55,gate3b_restricted_search,167,reference,17,0.0007533043803864485,he,1600.0
1294,2026-09-01 13:29:56,gate3b_restricted_search,167,reference,18,0.039340118840409874,he,434.0
1295,2026-09-01 13:29:56,gate3b_restricted_search,167,reference,19,0.00757752221703525,he,182.0
1296,2026-09-01 13:29:57,gate3b_restricted_search,167,reference,20,0.04151582560533646,xavier,209.0
1297,2026-09-01 13:29:57,gate3b_restricted_search,167,reference,21,0.008187741902089783,he,182.0
1298,2026-09-01 13:29:57,gate3b_restricted_search,167,reference,22,0.011000445933297421,he,182.0
1299,2026-09-01 13:29:59,gate3b_restricted_search,167,reference,23,0.0012262016088880733,he,1600.0
1300,2026-09-01 13:29:59,gate3b_restricted_search,167,reference,24,0.02490190829001285,he,182.0
1301,2026-09-01 13:29:59,gate3b_restricted_search,167,reference,25,0.009626216434502097,he,182.0
1302,2026-09-01 13:30:00,gate3b_restricted_search,167,reference,26,0.00240186880668409,he,349.0
1303,2026-09-01 13:30:00,gate3b_restricted_search,167,reference,27,0.053916973239469715,he,307.0
1304,2026-09-01 13:30:01,gate3b_restricted_search,167,reference,28,0.005922357736622787,xavier,182.0
1305,2026-09-01 13:30:01,gate3b_restricted_search,167,reference,29,0.003585093283880219,he,349.0
1306,2026-09-01 13:30:01,gate3b_restricted_search,167,reference,30,0.013228317820250553,xavier,182.0
1307,2026-09-01 13:30:02,gate3b_restricted_search,167,reference,31,0.013668264136361973,xavier,182.0
1308,2026-09-01 13:30:02,gate3b_restricted_search,167,reference,32,0.021068828422164662,xavier,182.0
1309,2026-09-01 13:30:02,gate3b_restricted_search,167,reference,33,0.025548580142676216,xavier,180.0
1310,2026-09-01 13:30:02,gate3b_restricted_search,167,reference,34,0.05731340933354611,xavier,182.0
1311,2026-09-01 13:30:03,gate3b_restricted_search,167,reference,35,0.005676317721883365,xavier,182.0
1312,2026-09-01 13:30:03,gate3b_restricted_search,167,reference,36,0.02867151955727655,xavier,182.0
1313,2026-09-01 13:30:04,gate3b_restricted_search,167,reference,37,0.09790277378898023,xavier,625.0
1314,2026-09-01 13:30:04,gate3b_restricted_search,167,reference,38,0.01495695741683475,xavier,182.0
1315,2026-09-01 13:30:05,gate3b_restricted_search,167,reference,39,0.0040581891573304475,orthogonal,314.0
1316,2026-09-01 13:30:05,gate3b_restricted_search,167,cold,0,0.0017826497151386949,xavier,349.0
1317,2026-09-01 13:30:07,gate3b_restricted_search,167,cold,1,0.0002755926764027377,orthogonal,1600.0
1318,2026-09-01 13:30:07,gate3b_restricted_search,167,cold,2,0.0015498955191377143,orthogonal,531.0
1319,2026-09-01 13:30:08,gate3b_restricted_search,167,cold,3,0.00041054120168588934,xavier,1600.0
1320,2026-09-01 13:30:09,gate3b_restricted_search,167,cold,4,0.001786135519762597,xavier,349.0
1321,2026-09-01 13:30:09,gate3b_restricted_search,167,cold,5,0.025248390936171015,xavier,242.0
1322,2026-09-01 13:30:09,gate3b_restricted_search,167,cold,6,0.04257625486011382,xavier,249.0
1323,2026-09-01 13:30:10,gate3b_restricted_search,167,cold,7,0.0003232148147351276,xavier,1600.0
1324,2026-09-01 13:30:11,gate3b_restricted_search,167,cold,8,0.07475987911298648,he,518.0
1325,2026-09-01 13:30:11,gate3b_restricted_search,167,cold,9,0.011468398705751582,xavier,182.0
1326,2026-09-01 13:30:11,gate3b_restricted_search,167,cold,10,0.013520030930076584,he,182.0
1327,2026-09-01 13:30:11,gate3b_restricted_search,167,cold,11,0.012050318703919807,he,182.0
1328,2026-09-01 13:30:12,gate3b_restricted_search,167,cold,12,0.008901992342500538,he,182.0
1329,2026-09-01 13:30:12,gate3b_restricted_search,167,cold,13,0.007480156754080965,he,182.0
1330,2026-09-01 13:30:12,gate3b_restricted_search,167,cold,14,0.01743266588357272,he,182.0
1331,2026-09-01 13:30:13,gate3b_restricted_search,167,informed_restricted,0,0.0017826497151386949,xavier,349.0
1332,2026-09-01 13:30:13,gate3b_restricted_search,167,informed_restricted,1,0.01448683388723935,xavier,182.0
1333,2026-09-01 13:30:13,gate3b_restricted_search,167,informed_restricted,2,0.00010007903854383786,xavier,1600.0
1334,2026-09-01 13:30:14,gate3b_restricted_search,167,informed_restricted,3,0.0008072307884499761,xavier,718.0
1335,2026-09-01 13:30:15,gate3b_restricted_search,167,informed_restricted,4,0.0002755926764027377,xavier,1600.0
1336,2026-09-01 13:30:16,gate3b_restricted_search,167,informed_restricted,5,0.00018924123965722266,xavier,1600.0
1337,2026-09-01 13:30:16,gate3b_restricted_search,167,informed_restricted,6,0.0003620600725744741,xavier,1600.0
1338,2026-09-01 13:30:16,gate3b_restricted_search,167,informed_restricted,7,0.001088133500363589,xavier,306.0
1339,2026-09-01 13:30:17,gate3b_restricted_search,167,informed_restricted,8,0.0015498955191377143,xavier,559.0
1340,2026-09-01 13:30:17,gate3b_restricted_search,167,informed_restricted,9,0.00413475900783472,xavier,313.0
1341,2026-09-01 13:30:18,gate3b_restricted_search,167,informed_restricted,10,0.09290791998691832,xavier,1600.0
1342,2026-09-01 13:30:19,gate3b_restricted_search,167,informed_restricted,11,0.013745248436824429,xavier,182.0
1343,2026-09-01 13:30:19,gate3b_restricted_search,167,informed_restricted,12,0.016535107145461723,xavier,182.0
1344,2026-09-01 13:30:19,gate3b_restricted_search,167,informed_restricted,13,0.022446911961699983,xavier,182.0
1345,2026-09-01 13:30:19,gate3b_restricted_search,167,informed_restricted,14,0.043934836363240796,xavier,233.0
1346,2026-09-01 13:30:19,gate3b_restricted_search,167,universal_restricted,0,0.0017826497151386949,xavier,349.0
1347,2026-09-01 13:30:20,gate3b_restricted_search,167,universal_restricted,1,0.01448683388723935,xavier,182.0
1348,2026-09-01 13:30:20,gate3b_restricted_search,167,universal_restricted,2,0.00010007903854383786,xavier,1600.0
1349,2026-09-01 13:30:21,gate3b_restricted_search,167,universal_restricted,3,0.0008072307884499761,xavier,718.0
1350,2026-09-01 13:30:22,gate3b_restricted_search,167,universal_restricted,4,0.0002755926764027377,xavier,1600.0
1351,2026-09-01 13:30:23,gate3b_restricted_search,167,universal_restricted,5,0.00018924123965722266,xavier,1600.0
1352,2026-09-01 13:30:23,gate3b_restricted_search,167,universal_restricted,6,0.0003620600725744741,xavier,1600.0
1353,2026-09-01 13:30:24,gate3b_restricted_search,167,universal_restricted,7,0.001088133500363589,xavier,306.0
1354,2026-09-01 13:30:24,gate3b_restricted_search,167,universal_restricted,8,0.0015498955191377143,xavier,559.0
1355,2026-09-01 13:30:24,gate3b_restricted_search,167,universal_restricted,9,0.00413475900783472,xavier,313.0
1356,2026-09-01 13:30:25,gate3b_restricted_search,167,universal_restricted,10,0.09290791998691832,xavier,1600.0
1357,2026-09-01 13:30:25,gate3b_restricted_search,167,universal_restricted,11,0.013745248436824429,xavier,182.0
1358,2026-09-01 13:30:26,gate3b_restricted_search,167,universal_restricted,12,0.016535107145461723,xavier,182.0
1359,2026-09-01 13:30:26,gate3b_restricted_search,167,universal_restricted,13,0.022446911961699983,xavier,182.0
1360,2026-09-01 13:30:26,gate3b_restricted_search,167,universal_restricted,14,0.043934836363240796,xavier,233.0
